/*
 Navicat Premium Data Transfer

 Source Server         : localhost
 Source Server Type    : MySQL
 Source Server Version : 50542
 Source Host           : localhost
 Source Database       : interstorm

 Target Server Type    : MySQL
 Target Server Version : 50542
 File Encoding         : utf-8

 Date: 10/29/2019 15:02:43 PM
*/

SET NAMES utf8;
SET FOREIGN_KEY_CHECKS = 0;

-- ----------------------------
--  Table structure for `auth_group`
-- ----------------------------
DROP TABLE IF EXISTS `auth_group`;
CREATE TABLE `auth_group` (
  `id` int(11) NOT NULL AUTO_INCREMENT,
  `name` varchar(80) NOT NULL,
  PRIMARY KEY (`id`),
  UNIQUE KEY `name` (`name`)
) ENGINE=InnoDB AUTO_INCREMENT=2 DEFAULT CHARSET=utf8;

-- ----------------------------
--  Records of `auth_group`
-- ----------------------------
BEGIN;
INSERT INTO `auth_group` VALUES ('1', 'interstorm');
COMMIT;

-- ----------------------------
--  Table structure for `auth_group_permissions`
-- ----------------------------
DROP TABLE IF EXISTS `auth_group_permissions`;
CREATE TABLE `auth_group_permissions` (
  `id` int(11) NOT NULL AUTO_INCREMENT,
  `group_id` int(11) NOT NULL,
  `permission_id` int(11) NOT NULL,
  PRIMARY KEY (`id`),
  UNIQUE KEY `auth_group_permissions_group_id_permission_id_0cd325b0_uniq` (`group_id`,`permission_id`),
  KEY `auth_group_permissio_permission_id_84c5c92e_fk_auth_perm` (`permission_id`),
  CONSTRAINT `auth_group_permissio_permission_id_84c5c92e_fk_auth_perm` FOREIGN KEY (`permission_id`) REFERENCES `auth_permission` (`id`),
  CONSTRAINT `auth_group_permissions_group_id_b120cbf9_fk_auth_group_id` FOREIGN KEY (`group_id`) REFERENCES `auth_group` (`id`)
) ENGINE=InnoDB AUTO_INCREMENT=34 DEFAULT CHARSET=utf8;

-- ----------------------------
--  Records of `auth_group_permissions`
-- ----------------------------
BEGIN;
INSERT INTO `auth_group_permissions` VALUES ('2', '1', '45'), ('3', '1', '46'), ('4', '1', '47'), ('5', '1', '48'), ('6', '1', '49'), ('7', '1', '50'), ('8', '1', '51'), ('9', '1', '52'), ('10', '1', '53'), ('11', '1', '54'), ('12', '1', '55'), ('13', '1', '56'), ('14', '1', '57'), ('15', '1', '58'), ('16', '1', '59'), ('17', '1', '60'), ('18', '1', '61'), ('19', '1', '62'), ('1', '1', '64'), ('20', '1', '69'), ('21', '1', '70'), ('22', '1', '71'), ('23', '1', '72'), ('24', '1', '73'), ('25', '1', '74'), ('26', '1', '75'), ('27', '1', '76'), ('28', '1', '77'), ('29', '1', '78'), ('30', '1', '79'), ('31', '1', '80'), ('32', '1', '81'), ('33', '1', '82');
COMMIT;

-- ----------------------------
--  Table structure for `auth_permission`
-- ----------------------------
DROP TABLE IF EXISTS `auth_permission`;
CREATE TABLE `auth_permission` (
  `id` int(11) NOT NULL AUTO_INCREMENT,
  `content_type_id` int(11) NOT NULL,
  `codename` varchar(100) NOT NULL,
  `name` varchar(255) NOT NULL,
  PRIMARY KEY (`id`),
  UNIQUE KEY `auth_permission_content_type_id_codename_01ab375a_uniq` (`content_type_id`,`codename`),
  CONSTRAINT `auth_permission_content_type_id_2f476e4b_fk_django_co` FOREIGN KEY (`content_type_id`) REFERENCES `django_content_type` (`id`)
) ENGINE=InnoDB AUTO_INCREMENT=83 DEFAULT CHARSET=utf8;

-- ----------------------------
--  Records of `auth_permission`
-- ----------------------------
BEGIN;
INSERT INTO `auth_permission` VALUES ('1', '1', 'add_logentry', 'Can add log entry'), ('2', '1', 'change_logentry', 'Can change log entry'), ('3', '1', 'delete_logentry', 'Can delete log entry'), ('4', '1', 'view_logentry', 'Can view log entry'), ('5', '2', 'add_permission', 'Can add permission'), ('6', '2', 'change_permission', 'Can change permission'), ('7', '2', 'delete_permission', 'Can delete permission'), ('8', '2', 'view_permission', 'Can view permission'), ('9', '3', 'add_group', 'Can add group'), ('10', '3', 'change_group', 'Can change group'), ('11', '3', 'delete_group', 'Can delete group'), ('12', '3', 'view_group', 'Can view group'), ('13', '4', 'add_user', 'Can add user'), ('14', '4', 'change_user', 'Can change user'), ('15', '4', 'delete_user', 'Can delete user'), ('16', '4', 'view_user', 'Can view user'), ('17', '5', 'add_contenttype', 'Can add content type'), ('18', '5', 'change_contenttype', 'Can change content type'), ('19', '5', 'delete_contenttype', 'Can delete content type'), ('20', '5', 'view_contenttype', 'Can view content type'), ('21', '6', 'add_session', 'Can add session'), ('22', '6', 'change_session', 'Can change session'), ('23', '6', 'delete_session', 'Can delete session'), ('24', '6', 'view_session', 'Can view session'), ('25', '7', 'add_test_db', 'Can add test_db'), ('26', '7', 'change_test_db', 'Can change test_db'), ('27', '7', 'delete_test_db', 'Can delete test_db'), ('28', '7', 'view_test_db', 'Can view test_db'), ('29', '8', 'add_wheeltransaction', 'Can add wheel transaction'), ('30', '8', 'change_wheeltransaction', 'Can change wheel transaction'), ('31', '8', 'delete_wheeltransaction', 'Can delete wheel transaction'), ('32', '8', 'view_wheeltransaction', 'Can view wheel transaction'), ('33', '9', 'add_wheelgames', 'Can add wheel games'), ('34', '9', 'change_wheelgames', 'Can change wheel games'), ('35', '9', 'delete_wheelgames', 'Can delete wheel games'), ('36', '9', 'view_wheelgames', 'Can view wheel games'), ('37', '10', 'add_wheelaccess', 'Can add wheel access'), ('38', '10', 'change_wheelaccess', 'Can change wheel access'), ('39', '10', 'delete_wheelaccess', 'Can delete wheel access'), ('40', '10', 'view_wheelaccess', 'Can view wheel access'), ('41', '11', 'add_wheelaccesslog', 'Can add wheel access log'), ('42', '11', 'change_wheelaccesslog', 'Can change wheel access log'), ('43', '11', 'delete_wheelaccesslog', 'Can delete wheel access log'), ('44', '11', 'view_wheelaccesslog', 'Can view wheel access log'), ('45', '12', 'add_wheelpercentage', 'Can add wheel percentage'), ('46', '12', 'change_wheelpercentage', 'Can change wheel percentage'), ('47', '12', 'delete_wheelpercentage', 'Can delete wheel percentage'), ('48', '12', 'view_wheelpercentage', 'Can view wheel percentage'), ('49', '13', 'add_wheelbonuscode', 'Can add wheel bonus code'), ('50', '13', 'change_wheelbonuscode', 'Can change wheel bonus code'), ('51', '13', 'delete_wheelbonuscode', 'Can delete wheel bonus code'), ('52', '13', 'view_wheelbonuscode', 'Can view wheel bonus code'), ('53', '14', 'add_wheelimagelevel', 'Can add wheel image level'), ('54', '14', 'change_wheelimagelevel', 'Can change wheel image level'), ('55', '14', 'delete_wheelimagelevel', 'Can delete wheel image level'), ('56', '14', 'view_wheelimagelevel', 'Can view wheel image level'), ('57', '15', 'add_wheellevelmanage', 'Can add wheel level manage'), ('58', '15', 'change_wheellevelmanage', 'Can change wheel level manage'), ('59', '15', 'delete_wheellevelmanage', 'Can delete wheel level manage'), ('60', '15', 'view_wheellevelmanage', 'Can view wheel level manage'), ('61', '16', 'add_siteconfig', 'Can add site config'), ('62', '16', 'change_siteconfig', 'Can change site config'), ('63', '16', 'delete_siteconfig', 'Can delete site config'), ('64', '16', 'view_siteconfig', 'Can view site config'), ('65', '17', 'add_interstormuservendor', 'Can add inter storm user vendor'), ('66', '17', 'change_interstormuservendor', 'Can change inter storm user vendor'), ('67', '17', 'delete_interstormuservendor', 'Can delete inter storm user vendor'), ('68', '17', 'view_interstormuservendor', 'Can view inter storm user vendor'), ('69', '18', 'add_translationbackup', 'Can add Language backup'), ('70', '18', 'change_translationbackup', 'Can change Language backup'), ('71', '18', 'delete_translationbackup', 'Can delete Language backup'), ('72', '19', 'add_translationentry', 'Can add Translation entry'), ('73', '19', 'change_translationentry', 'Can change Translation entry'), ('74', '19', 'delete_translationentry', 'Can delete Translation entry'), ('75', '19', 'load', 'admin-translation_entry-load-from-po'), ('76', '20', 'add_remotetranslationentry', 'Can add remote translation entry'), ('77', '20', 'change_remotetranslationentry', 'Can change remote translation entry'), ('78', '20', 'delete_remotetranslationentry', 'Can delete remote translation entry'), ('79', '20', 'sync', 'admin-translation_entry-sync'), ('80', '19', 'add_proxytranslationentry', 'Can add proxy translation entry'), ('81', '19', 'change_proxytranslationentry', 'Can change proxy translation entry'), ('82', '19', 'delete_proxytranslationentry', 'Can delete proxy translation entry');
COMMIT;

-- ----------------------------
--  Table structure for `auth_user`
-- ----------------------------
DROP TABLE IF EXISTS `auth_user`;
CREATE TABLE `auth_user` (
  `id` int(11) NOT NULL AUTO_INCREMENT,
  `password` varchar(128) NOT NULL,
  `last_login` datetime DEFAULT NULL,
  `is_superuser` tinyint(1) NOT NULL,
  `username` varchar(150) NOT NULL,
  `first_name` varchar(30) NOT NULL,
  `email` varchar(254) NOT NULL,
  `is_staff` tinyint(1) NOT NULL,
  `is_active` tinyint(1) NOT NULL,
  `date_joined` datetime NOT NULL,
  `last_name` varchar(30) NOT NULL,
  PRIMARY KEY (`id`),
  UNIQUE KEY `username` (`username`)
) ENGINE=InnoDB AUTO_INCREMENT=6 DEFAULT CHARSET=utf8;

-- ----------------------------
--  Records of `auth_user`
-- ----------------------------
BEGIN;
INSERT INTO `auth_user` VALUES ('1', 'pbkdf2_sha256$36000$KfrBwMUEPlku$yTqO1ohv/3JouUq5lav0Xkp9fT3RSu9koFjAbYKvrRk=', '2019-10-10 04:51:44', '1', 'bioheartz', '', 'bioheartz@gmail.com', '1', '1', '2019-05-30 10:24:42', ''), ('2', 'pbkdf2_sha256$36000$bsgjSVsokMk7$mMjZxaQ9vW/+6zOWhhSILaBqH5TR5VnOXIvGoIlO0PM=', '2019-05-31 09:54:36', '1', 'admin_best', '', 'admin_best@gmail.com', '1', '1', '2019-05-30 11:44:14', ''), ('3', 'pbkdf2_sha256$36000$m4aXXrYrlDTk$X28Xgvg2NjshLHILJe+IR6mKh7Id2yU/qI+rVj1HSxk=', '2019-10-29 07:56:57', '0', 'itsmanager', '', '', '1', '1', '2019-05-30 11:52:19', ''), ('4', 'pbkdf2_sha256$36000$2Ey73XDElGj9$vXKrTXX5mcvuhJmXpek83Z8qjbrROpA90Hu6lzGNE38=', '2019-10-10 04:51:33', '0', 'bioheart', '', '', '1', '1', '2019-09-24 08:39:24', ''), ('5', 'pbkdf2_sha256$36000$hBlgzRcy4O94$ddj/xtxtHn2nHgCkwxjAlS8+MgtcggPL5pzfNmAwdhs=', '2019-10-10 09:43:19', '1', 'bioheart1993', '', 'bioheart.kalel@gmail.com', '1', '1', '2019-10-10 05:28:00', '');
COMMIT;

-- ----------------------------
--  Table structure for `auth_user_groups`
-- ----------------------------
DROP TABLE IF EXISTS `auth_user_groups`;
CREATE TABLE `auth_user_groups` (
  `id` int(11) NOT NULL AUTO_INCREMENT,
  `user_id` int(11) NOT NULL,
  `group_id` int(11) NOT NULL,
  PRIMARY KEY (`id`),
  UNIQUE KEY `auth_user_groups_user_id_group_id_94350c0c_uniq` (`user_id`,`group_id`),
  KEY `auth_user_groups_group_id_97559544_fk_auth_group_id` (`group_id`),
  CONSTRAINT `auth_user_groups_group_id_97559544_fk_auth_group_id` FOREIGN KEY (`group_id`) REFERENCES `auth_group` (`id`),
  CONSTRAINT `auth_user_groups_user_id_6a12ed8b_fk_auth_user_id` FOREIGN KEY (`user_id`) REFERENCES `auth_user` (`id`)
) ENGINE=InnoDB AUTO_INCREMENT=3 DEFAULT CHARSET=utf8;

-- ----------------------------
--  Records of `auth_user_groups`
-- ----------------------------
BEGIN;
INSERT INTO `auth_user_groups` VALUES ('1', '3', '1'), ('2', '4', '1');
COMMIT;

-- ----------------------------
--  Table structure for `auth_user_user_permissions`
-- ----------------------------
DROP TABLE IF EXISTS `auth_user_user_permissions`;
CREATE TABLE `auth_user_user_permissions` (
  `id` int(11) NOT NULL AUTO_INCREMENT,
  `user_id` int(11) NOT NULL,
  `permission_id` int(11) NOT NULL,
  PRIMARY KEY (`id`),
  UNIQUE KEY `auth_user_user_permissions_user_id_permission_id_14a6b632_uniq` (`user_id`,`permission_id`),
  KEY `auth_user_user_permi_permission_id_1fbb5f2c_fk_auth_perm` (`permission_id`),
  CONSTRAINT `auth_user_user_permi_permission_id_1fbb5f2c_fk_auth_perm` FOREIGN KEY (`permission_id`) REFERENCES `auth_permission` (`id`),
  CONSTRAINT `auth_user_user_permissions_user_id_a95ead1b_fk_auth_user_id` FOREIGN KEY (`user_id`) REFERENCES `auth_user` (`id`)
) ENGINE=InnoDB AUTO_INCREMENT=83 DEFAULT CHARSET=utf8;

-- ----------------------------
--  Records of `auth_user_user_permissions`
-- ----------------------------
BEGIN;
INSERT INTO `auth_user_user_permissions` VALUES ('1', '5', '1'), ('2', '5', '2'), ('3', '5', '3'), ('4', '5', '4'), ('5', '5', '5'), ('6', '5', '6'), ('7', '5', '7'), ('8', '5', '8'), ('9', '5', '9'), ('10', '5', '10'), ('11', '5', '11'), ('12', '5', '12'), ('13', '5', '13'), ('14', '5', '14'), ('15', '5', '15'), ('16', '5', '16'), ('17', '5', '17'), ('18', '5', '18'), ('19', '5', '19'), ('20', '5', '20'), ('21', '5', '21'), ('22', '5', '22'), ('23', '5', '23'), ('24', '5', '24'), ('25', '5', '25'), ('26', '5', '26'), ('27', '5', '27'), ('28', '5', '28'), ('29', '5', '29'), ('30', '5', '30'), ('31', '5', '31'), ('32', '5', '32'), ('33', '5', '33'), ('34', '5', '34'), ('35', '5', '35'), ('36', '5', '36'), ('37', '5', '37'), ('38', '5', '38'), ('39', '5', '39'), ('40', '5', '40'), ('41', '5', '41'), ('42', '5', '42'), ('43', '5', '43'), ('44', '5', '44'), ('45', '5', '45'), ('46', '5', '46'), ('47', '5', '47'), ('48', '5', '48'), ('49', '5', '49'), ('50', '5', '50'), ('51', '5', '51'), ('52', '5', '52'), ('53', '5', '53'), ('54', '5', '54'), ('55', '5', '55'), ('56', '5', '56'), ('57', '5', '57'), ('58', '5', '58'), ('59', '5', '59'), ('60', '5', '60'), ('61', '5', '61'), ('62', '5', '62'), ('63', '5', '63'), ('64', '5', '64'), ('65', '5', '65'), ('66', '5', '66'), ('67', '5', '67'), ('68', '5', '68'), ('69', '5', '69'), ('70', '5', '70'), ('71', '5', '71'), ('72', '5', '72'), ('73', '5', '73'), ('74', '5', '74'), ('75', '5', '75'), ('76', '5', '76'), ('77', '5', '77'), ('78', '5', '78'), ('79', '5', '79'), ('80', '5', '80'), ('81', '5', '81'), ('82', '5', '82');
COMMIT;

-- ----------------------------
--  Table structure for `django_admin_log`
-- ----------------------------
DROP TABLE IF EXISTS `django_admin_log`;
CREATE TABLE `django_admin_log` (
  `id` int(11) NOT NULL AUTO_INCREMENT,
  `action_time` datetime NOT NULL,
  `object_id` longtext,
  `object_repr` varchar(200) NOT NULL,
  `change_message` longtext NOT NULL,
  `content_type_id` int(11) DEFAULT NULL,
  `user_id` int(11) NOT NULL,
  `action_flag` smallint(5) unsigned NOT NULL,
  PRIMARY KEY (`id`),
  KEY `django_admin_log_content_type_id_c4bce8eb_fk_django_co` (`content_type_id`),
  KEY `django_admin_log_user_id_c564eba6_fk_auth_user_id` (`user_id`),
  CONSTRAINT `django_admin_log_user_id_c564eba6_fk_auth_user_id` FOREIGN KEY (`user_id`) REFERENCES `auth_user` (`id`),
  CONSTRAINT `django_admin_log_content_type_id_c4bce8eb_fk_django_co` FOREIGN KEY (`content_type_id`) REFERENCES `django_content_type` (`id`)
) ENGINE=InnoDB AUTO_INCREMENT=313 DEFAULT CHARSET=utf8;

-- ----------------------------
--  Records of `django_admin_log`
-- ----------------------------
BEGIN;
INSERT INTO `django_admin_log` VALUES ('1', '2019-05-30 11:52:19', 'itsmanager', 'C26ILU', '[{\"added\": {}}]', '17', '2', '1'), ('2', '2019-05-30 11:55:41', '1', 'interstorm', '[{\"added\": {}}]', '3', '2', '1'), ('3', '2019-05-30 11:55:59', '3', 'itsmanager', '[{\"changed\": {\"fields\": [\"groups\"]}}]', '4', '2', '2'), ('4', '2019-05-31 07:16:45', '1', 'WheelImageLevel object', '[{\"added\": {}}]', '14', '1', '1'), ('5', '2019-05-31 07:51:37', '2', 'WheelImageLevel object', '[{\"added\": {}}]', '14', '1', '1'), ('6', '2019-05-31 07:53:48', '1', 'WheelImageLevel object', '[{\"changed\": {\"fields\": [\"image\"]}}]', '14', '1', '2'), ('7', '2019-05-31 07:58:23', '2', 'WheelImageLevel object', '', '14', '1', '3'), ('8', '2019-05-31 07:58:28', '1', 'WheelImageLevel object', '', '14', '1', '3'), ('9', '2019-05-31 07:59:08', '3', 'WheelImageLevel object', '[{\"added\": {}}]', '14', '1', '1'), ('10', '2019-05-31 08:29:10', '4', 'WheelImageLevel object', '[{\"added\": {}}]', '14', '3', '1'), ('11', '2019-05-31 08:30:57', '5', 'WheelImageLevel object', '[{\"added\": {}}]', '14', '3', '1'), ('12', '2019-05-31 08:31:27', '1', 'WheelLevelManage object', '[{\"added\": {}}]', '15', '3', '1'), ('13', '2019-05-31 08:45:06', '2', 'WheelLevelManage object', '[{\"added\": {}}]', '15', '3', '1'), ('14', '2019-05-31 09:17:00', '1', 'SiteConfig object', '[{\"added\": {}}]', '16', '1', '1'), ('15', '2019-05-31 09:53:37', '2', 'SiteConfig object', '[{\"added\": {}}]', '16', '3', '1'), ('16', '2019-06-24 08:17:14', '1', 'WheelBonusCode object', '[{\"changed\": {\"fields\": [\"bonus_code\", \"bonus_detail\"]}}]', '13', '3', '2'), ('17', '2019-06-24 08:17:23', '2', 'WheelBonusCode object', '[{\"changed\": {\"fields\": [\"bonus_code\", \"bonus_detail\"]}}]', '13', '3', '2'), ('18', '2019-06-24 08:17:39', '3', 'WheelBonusCode object', '[{\"changed\": {\"fields\": [\"bonus_code\", \"bonus_detail\"]}}]', '13', '3', '2'), ('19', '2019-06-24 08:17:49', '4', 'WheelBonusCode object', '[{\"changed\": {\"fields\": [\"bonus_code\", \"bonus_detail\"]}}]', '13', '3', '2'), ('20', '2019-07-26 09:40:18', '2', 'SiteConfig object', '[{\"changed\": {\"fields\": [\"url\", \"domain\"]}}]', '16', '3', '2'), ('21', '2019-07-31 09:41:01', '8', 'WheelBonusCode object', '[{\"changed\": {\"fields\": [\"bonus_code\", \"bonus_detail\"]}}]', '13', '3', '2'), ('22', '2019-07-31 09:41:15', '4', 'WheelBonusCode object', '[{\"changed\": {\"fields\": [\"bonus_code\", \"bonus_detail\"]}}]', '13', '3', '2'), ('23', '2019-07-31 09:41:31', '7', 'WheelBonusCode object', '[{\"changed\": {\"fields\": [\"bonus_code\", \"bonus_detail\"]}}]', '13', '3', '2'), ('24', '2019-07-31 09:41:40', '6', 'WheelBonusCode object', '[{\"changed\": {\"fields\": [\"bonus_code\", \"bonus_detail\"]}}]', '13', '3', '2'), ('25', '2019-07-31 09:41:48', '5', 'WheelBonusCode object', '[{\"changed\": {\"fields\": [\"bonus_code\", \"bonus_detail\"]}}]', '13', '3', '2'), ('26', '2019-07-31 09:42:00', '3', 'WheelBonusCode object', '[{\"changed\": {\"fields\": [\"bonus_code\", \"bonus_detail\"]}}]', '13', '3', '2'), ('27', '2019-07-31 09:42:11', '2', 'WheelBonusCode object', '[{\"changed\": {\"fields\": [\"bonus_code\", \"bonus_detail\"]}}]', '13', '3', '2'), ('28', '2019-07-31 09:42:20', '1', 'WheelBonusCode object', '[{\"changed\": {\"fields\": [\"bonus_code\", \"bonus_detail\"]}}]', '13', '3', '2'), ('29', '2019-09-24 06:43:58', '3', 'itsmanager', '[{\"changed\": {\"fields\": [\"password\"]}}]', '4', '1', '2'), ('30', '2019-09-24 08:39:24', 'bioheart', '61YJ4S', '[{\"added\": {}}]', '17', '1', '1'), ('31', '2019-09-24 08:40:13', '4', 'bioheart', '[{\"changed\": {\"fields\": [\"groups\"]}}]', '4', '1', '2'), ('32', '2019-09-27 07:48:09', '8', 'WheelBonusCode object', '[{\"changed\": {\"fields\": [\"winning_key\"]}}]', '13', '3', '2'), ('33', '2019-09-27 07:48:17', '4', 'WheelBonusCode object', '[{\"changed\": {\"fields\": [\"winning_key\"]}}]', '13', '3', '2'), ('34', '2019-09-27 07:49:37', '7', 'WheelBonusCode object', '[{\"changed\": {\"fields\": [\"winning_key\"]}}]', '13', '3', '2'), ('35', '2019-09-27 07:49:46', '3', 'WheelBonusCode object', '[{\"changed\": {\"fields\": [\"winning_key\"]}}]', '13', '3', '2'), ('36', '2019-09-27 07:49:59', '6', 'WheelBonusCode object', '[{\"changed\": {\"fields\": [\"winning_key\"]}}]', '13', '3', '2'), ('37', '2019-09-27 07:50:06', '2', 'WheelBonusCode object', '[{\"changed\": {\"fields\": [\"winning_key\"]}}]', '13', '3', '2'), ('38', '2019-09-27 07:50:17', '5', 'WheelBonusCode object', '[{\"changed\": {\"fields\": [\"winning_key\"]}}]', '13', '3', '2'), ('39', '2019-09-27 07:50:23', '1', 'WheelBonusCode object', '[{\"changed\": {\"fields\": [\"winning_key\"]}}]', '13', '3', '2'), ('40', '2019-09-27 07:50:38', '5', 'WheelPercentage object', '[{\"changed\": {\"fields\": [\"rewards\"]}}]', '12', '3', '2'), ('41', '2019-09-27 07:50:48', '1', 'WheelPercentage object', '[{\"changed\": {\"fields\": [\"rewards\"]}}]', '12', '3', '2'), ('42', '2019-09-27 07:50:59', '2', 'WheelPercentage object', '[{\"changed\": {\"fields\": [\"rewards\"]}}]', '12', '3', '2'), ('43', '2019-09-27 07:51:09', '6', 'WheelPercentage object', '[{\"changed\": {\"fields\": [\"rewards\"]}}]', '12', '3', '2'), ('44', '2019-09-27 07:51:19', '3', 'WheelPercentage object', '[{\"changed\": {\"fields\": [\"rewards\"]}}]', '12', '3', '2'), ('45', '2019-09-27 07:51:26', '7', 'WheelPercentage object', '[{\"changed\": {\"fields\": [\"rewards\"]}}]', '12', '3', '2'), ('46', '2019-09-27 07:51:43', '8', 'WheelPercentage object', '[{\"changed\": {\"fields\": [\"rewards\"]}}]', '12', '3', '2'), ('47', '2019-09-27 07:51:50', '4', 'WheelPercentage object', '[{\"changed\": {\"fields\": [\"rewards\"]}}]', '12', '3', '2'), ('48', '2019-10-03 09:44:01', '1', 'WheelBonusCode object', '[{\"changed\": {\"fields\": [\"bonus_code\", \"bonus_detail\"]}}]', '13', '3', '2'), ('49', '2019-10-03 09:44:14', '5', 'WheelBonusCode object', '[{\"changed\": {\"fields\": [\"bonus_code\", \"bonus_detail\"]}}]', '13', '3', '2'), ('50', '2019-10-03 09:44:39', '2', 'WheelBonusCode object', '[{\"changed\": {\"fields\": [\"bonus_code\"]}}]', '13', '3', '2'), ('51', '2019-10-03 09:44:47', '6', 'WheelBonusCode object', '[{\"changed\": {\"fields\": [\"bonus_code\"]}}]', '13', '3', '2'), ('52', '2019-10-03 09:45:00', '3', 'WheelBonusCode object', '[{\"changed\": {\"fields\": [\"bonus_code\", \"bonus_detail\"]}}]', '13', '3', '2'), ('53', '2019-10-03 09:45:13', '7', 'WheelBonusCode object', '[{\"changed\": {\"fields\": [\"bonus_code\", \"bonus_detail\"]}}]', '13', '3', '2'), ('54', '2019-10-03 09:45:24', '8', 'WheelBonusCode object', '[{\"changed\": {\"fields\": [\"bonus_code\", \"bonus_detail\"]}}]', '13', '3', '2'), ('55', '2019-10-03 09:45:35', '4', 'WheelBonusCode object', '[{\"changed\": {\"fields\": [\"bonus_code\", \"bonus_detail\"]}}]', '13', '3', '2'), ('56', '2019-10-03 09:47:55', '4', 'WheelImageLevel object', '[{\"changed\": {\"fields\": [\"image\"]}}]', '14', '3', '2'), ('57', '2019-10-03 10:53:21', '1', 'WheelLevelManage object', '[{\"changed\": {\"fields\": [\"deposit\"]}}]', '15', '3', '2'), ('58', '2019-10-03 10:53:50', '4', 'WheelImageLevel object', '[{\"changed\": {\"fields\": [\"image\"]}}]', '14', '3', '2'), ('59', '2019-10-03 10:54:03', '5', 'WheelImageLevel object', '[{\"changed\": {\"fields\": [\"image\"]}}]', '14', '3', '2'), ('60', '2019-10-03 10:54:25', '1', 'WheelPercentage object', '[]', '12', '3', '2'), ('61', '2019-10-03 10:54:45', '3', 'WheelPercentage object', '[{\"changed\": {\"fields\": [\"percentage\"]}}]', '12', '3', '2'), ('62', '2019-10-03 10:54:52', '4', 'WheelPercentage object', '[{\"changed\": {\"fields\": [\"percentage\"]}}]', '12', '3', '2'), ('63', '2019-10-03 10:55:05', '5', 'WheelPercentage object', '[{\"changed\": {\"fields\": [\"percentage\"]}}]', '12', '3', '2'), ('64', '2019-10-03 10:55:13', '6', 'WheelPercentage object', '[{\"changed\": {\"fields\": [\"percentage\"]}}]', '12', '3', '2'), ('65', '2019-10-03 10:55:25', '8', 'WheelPercentage object', '[{\"changed\": {\"fields\": [\"percentage\"]}}]', '12', '3', '2'), ('66', '2019-10-03 10:55:32', '7', 'WheelPercentage object', '[{\"changed\": {\"fields\": [\"percentage\"]}}]', '12', '3', '2'), ('67', '2019-10-10 04:29:49', '1', 'interstorm', '[{\"changed\": {\"fields\": [\"permissions\"]}}]', '3', '1', '2'), ('68', '2019-10-10 08:43:56', '5', 'bioheart1993', '[{\"changed\": {\"fields\": [\"user_permissions\"]}}]', '4', '5', '2'), ('69', '2019-10-10 08:44:32', '5', 'bioheart1993', '[]', '4', '5', '2'), ('70', '2019-10-10 10:42:24', '11', '(11:TEXT_HOW_TO_PLAY:en:locale)', '[{\"changed\": {\"fields\": [\"translation\"]}}]', '19', '3', '2'), ('71', '2019-10-10 10:42:24', '124', '(124:TEXT_JS_NOT_LOGGED_IN:en:locale)', '[{\"changed\": {\"fields\": [\"translation\"]}}]', '19', '3', '2'), ('72', '2019-10-10 10:42:24', '12', '(12:TEXT_STEP_1:en:locale)', '[{\"changed\": {\"fields\": [\"translation\"]}}]', '19', '3', '2'), ('73', '2019-10-10 10:42:24', '13', '(13:TEXT_STEP_2:en:locale)', '[{\"changed\": {\"fields\": [\"translation\"]}}]', '19', '3', '2'), ('74', '2019-10-10 10:42:24', '14', '(14:TEXT_STEP_3:en:locale)', '[{\"changed\": {\"fields\": [\"translation\"]}}]', '19', '3', '2'), ('75', '2019-10-10 10:42:24', '15', '(15:TEXT_STEP_4:en:locale)', '[{\"changed\": {\"fields\": [\"translation\"]}}]', '19', '3', '2'), ('76', '2019-10-10 10:42:25', '16', '(16:TEXT_STEP_5:en:locale)', '[{\"changed\": {\"fields\": [\"translation\"]}}]', '19', '3', '2'), ('77', '2019-10-10 10:42:25', '17', '(17:TEXT_STEP_6:en:locale)', '[{\"changed\": {\"fields\": [\"translation\"]}}]', '19', '3', '2'), ('78', '2019-10-10 10:42:25', '10', '(10:TEXT_WAITING_CLAIM_BONUS:en:locale)', '[{\"changed\": {\"fields\": [\"translation\"]}}]', '19', '3', '2'), ('79', '2019-10-11 07:56:26', '130', '(130:TEXT_JS_NOT_LOGGED_IN:ru:locale)', '[{\"changed\": {\"fields\": [\"translation\"]}}]', '19', '3', '2'), ('80', '2019-10-21 11:05:30', '112', '(112:Azeri:az:locale)', '[{\"changed\": {\"fields\": [\"translation\"]}}]', '19', '3', '2'), ('81', '2019-10-21 11:05:30', '79', '(79:Azeri:de:locale)', '[{\"changed\": {\"fields\": [\"translation\"]}}]', '19', '3', '2'), ('82', '2019-10-21 11:05:30', '68', '(68:Azeri:en:locale)', '[{\"changed\": {\"fields\": [\"translation\"]}}]', '19', '3', '2'), ('83', '2019-10-21 11:05:30', '90', '(90:Azeri:fa:locale)', '[{\"changed\": {\"fields\": [\"translation\"]}}]', '19', '3', '2'), ('84', '2019-10-21 11:05:30', '101', '(101:Azeri:ru:locale)', '[{\"changed\": {\"fields\": [\"translation\"]}}]', '19', '3', '2'), ('85', '2019-10-21 11:05:30', '57', '(57:Azeri:tr:locale)', '[{\"changed\": {\"fields\": [\"translation\"]}}]', '19', '3', '2'), ('86', '2019-10-21 11:05:30', '110', '(110:English:az:locale)', '[{\"changed\": {\"fields\": [\"translation\"]}}]', '19', '3', '2'), ('87', '2019-10-21 11:05:30', '77', '(77:English:de:locale)', '[{\"changed\": {\"fields\": [\"translation\"]}}]', '19', '3', '2'), ('88', '2019-10-21 11:05:30', '66', '(66:English:en:locale)', '[{\"changed\": {\"fields\": [\"translation\"]}}]', '19', '3', '2'), ('89', '2019-10-21 11:05:30', '88', '(88:English:fa:locale)', '[{\"changed\": {\"fields\": [\"translation\"]}}]', '19', '3', '2'), ('90', '2019-10-21 11:05:30', '99', '(99:English:ru:locale)', '[{\"changed\": {\"fields\": [\"translation\"]}}]', '19', '3', '2'), ('91', '2019-10-21 11:05:30', '55', '(55:English:tr:locale)', '[{\"changed\": {\"fields\": [\"translation\"]}}]', '19', '3', '2'), ('92', '2019-10-21 11:05:30', '115', '(115:Farsi:az:locale)', '[{\"changed\": {\"fields\": [\"translation\"]}}]', '19', '3', '2'), ('93', '2019-10-21 11:05:30', '82', '(82:Farsi:de:locale)', '[{\"changed\": {\"fields\": [\"translation\"]}}]', '19', '3', '2'), ('94', '2019-10-21 11:05:30', '71', '(71:Farsi:en:locale)', '[{\"changed\": {\"fields\": [\"translation\"]}}]', '19', '3', '2'), ('95', '2019-10-21 11:05:30', '93', '(93:Farsi:fa:locale)', '[{\"changed\": {\"fields\": [\"translation\"]}}]', '19', '3', '2'), ('96', '2019-10-21 11:05:30', '104', '(104:Farsi:ru:locale)', '[{\"changed\": {\"fields\": [\"translation\"]}}]', '19', '3', '2'), ('97', '2019-10-21 11:05:30', '60', '(60:Farsi:tr:locale)', '[{\"changed\": {\"fields\": [\"translation\"]}}]', '19', '3', '2'), ('98', '2019-10-21 11:05:30', '113', '(113:German:az:locale)', '[{\"changed\": {\"fields\": [\"translation\"]}}]', '19', '3', '2'), ('99', '2019-10-21 11:05:30', '80', '(80:German:de:locale)', '[{\"changed\": {\"fields\": [\"translation\"]}}]', '19', '3', '2'), ('100', '2019-10-21 11:05:30', '69', '(69:German:en:locale)', '[{\"changed\": {\"fields\": [\"translation\"]}}]', '19', '3', '2'), ('101', '2019-10-21 11:05:30', '91', '(91:German:fa:locale)', '[{\"changed\": {\"fields\": [\"translation\"]}}]', '19', '3', '2'), ('102', '2019-10-21 11:05:30', '102', '(102:German:ru:locale)', '[{\"changed\": {\"fields\": [\"translation\"]}}]', '19', '3', '2'), ('103', '2019-10-21 11:05:30', '58', '(58:German:tr:locale)', '[{\"changed\": {\"fields\": [\"translation\"]}}]', '19', '3', '2'), ('104', '2019-10-21 11:05:30', '111', '(111:Russian:az:locale)', '[{\"changed\": {\"fields\": [\"translation\"]}}]', '19', '3', '2'), ('105', '2019-10-21 11:05:30', '78', '(78:Russian:de:locale)', '[{\"changed\": {\"fields\": [\"translation\"]}}]', '19', '3', '2'), ('106', '2019-10-21 11:05:30', '67', '(67:Russian:en:locale)', '[{\"changed\": {\"fields\": [\"translation\"]}}]', '19', '3', '2'), ('107', '2019-10-21 11:05:30', '89', '(89:Russian:fa:locale)', '[{\"changed\": {\"fields\": [\"translation\"]}}]', '19', '3', '2'), ('108', '2019-10-21 11:05:30', '100', '(100:Russian:ru:locale)', '[{\"changed\": {\"fields\": [\"translation\"]}}]', '19', '3', '2'), ('109', '2019-10-21 11:05:30', '56', '(56:Russian:tr:locale)', '[{\"changed\": {\"fields\": [\"translation\"]}}]', '19', '3', '2'), ('110', '2019-10-21 11:05:30', '114', '(114:Turkish:az:locale)', '[{\"changed\": {\"fields\": [\"translation\"]}}]', '19', '3', '2'), ('111', '2019-10-21 11:05:30', '81', '(81:Turkish:de:locale)', '[{\"changed\": {\"fields\": [\"translation\"]}}]', '19', '3', '2'), ('112', '2019-10-21 11:05:30', '70', '(70:Turkish:en:locale)', '[{\"changed\": {\"fields\": [\"translation\"]}}]', '19', '3', '2'), ('113', '2019-10-21 11:05:30', '92', '(92:Turkish:fa:locale)', '[{\"changed\": {\"fields\": [\"translation\"]}}]', '19', '3', '2'), ('114', '2019-10-21 11:05:57', '103', '(103:Turkish:ru:locale)', '[{\"changed\": {\"fields\": [\"translation\"]}}]', '19', '3', '2'), ('115', '2019-10-21 11:05:57', '59', '(59:Turkish:tr:locale)', '[{\"changed\": {\"fields\": [\"translation\"]}}]', '19', '3', '2'), ('116', '2019-10-23 09:30:17', '123', '(123:Please try again:en:locale)', '[{\"changed\": {\"fields\": [\"translation\"]}}]', '19', '3', '2'), ('117', '2019-10-23 09:30:17', '11', '(11:TEXT_HOW_TO_PLAY:en:locale)', '[{\"changed\": {\"fields\": [\"translation\"]}}]', '19', '3', '2'), ('118', '2019-10-23 09:30:17', '124', '(124:TEXT_JS_NOT_LOGGED_IN:en:locale)', '[{\"changed\": {\"fields\": [\"translation\"]}}]', '19', '3', '2'), ('119', '2019-10-23 09:30:17', '130', '(130:TEXT_JS_NOT_LOGGED_IN:ru:locale)', '[{\"changed\": {\"fields\": [\"translation\"]}}]', '19', '3', '2'), ('120', '2019-10-23 09:30:17', '12', '(12:TEXT_STEP_1:en:locale)', '[{\"changed\": {\"fields\": [\"translation\"]}}]', '19', '3', '2'), ('121', '2019-10-23 09:30:17', '13', '(13:TEXT_STEP_2:en:locale)', '[{\"changed\": {\"fields\": [\"translation\"]}}]', '19', '3', '2'), ('122', '2019-10-23 09:30:17', '14', '(14:TEXT_STEP_3:en:locale)', '[{\"changed\": {\"fields\": [\"translation\"]}}]', '19', '3', '2'), ('123', '2019-10-23 09:30:17', '15', '(15:TEXT_STEP_4:en:locale)', '[{\"changed\": {\"fields\": [\"translation\"]}}]', '19', '3', '2'), ('124', '2019-10-23 09:30:17', '16', '(16:TEXT_STEP_5:en:locale)', '[{\"changed\": {\"fields\": [\"translation\"]}}]', '19', '3', '2'), ('125', '2019-10-23 09:30:17', '10', '(10:TEXT_WAITING_CLAIM_BONUS:en:locale)', '[{\"changed\": {\"fields\": [\"translation\"]}}]', '19', '3', '2'), ('126', '2019-10-24 11:37:31', '160', '(160:TEXT_JS_CONTACT_SUPPORT:en:locale)', '[{\"changed\": {\"fields\": [\"translation\"]}}]', '19', '3', '2'), ('127', '2019-10-24 11:37:31', '157', '(157:TEXT_JS_DONT_HAVE_BONUS_CODE:en:locale)', '[{\"changed\": {\"fields\": [\"translation\"]}}]', '19', '3', '2'), ('128', '2019-10-24 11:37:31', '161', '(161:TEXT_JS_ERROR:en:locale)', '[{\"changed\": {\"fields\": [\"translation\"]}}]', '19', '3', '2'), ('129', '2019-10-24 11:37:31', '158', '(158:TEXT_JS_ERROR_BONUS_CODE:en:locale)', '[{\"changed\": {\"fields\": [\"translation\"]}}]', '19', '3', '2'), ('130', '2019-10-24 11:37:31', '159', '(159:TEXT_JS_ERROR_GIVING_BONUS_CODE:en:locale)', '[{\"changed\": {\"fields\": [\"translation\"]}}]', '19', '3', '2'), ('131', '2019-10-24 11:37:31', '153', '(153:TEXT_JS_GAMES_IS_RUNNING:en:locale)', '[{\"changed\": {\"fields\": [\"translation\"]}}]', '19', '3', '2'), ('132', '2019-10-24 11:37:31', '152', '(152:TEXT_JS_GAMES_IS_RUNNING_DETAIL:en:locale)', '[{\"changed\": {\"fields\": [\"translation\"]}}]', '19', '3', '2'), ('133', '2019-10-24 11:37:31', '151', '(151:TEXT_JS_GAMES_IS_RUNNING_TITLE:en:locale)', '[{\"changed\": {\"fields\": [\"translation\"]}}]', '19', '3', '2'), ('134', '2019-10-24 11:37:31', '162', '(162:TEXT_JS_GAME_CANCEL:en:locale)', '[{\"changed\": {\"fields\": [\"translation\"]}}]', '19', '3', '2'), ('135', '2019-10-24 11:37:31', '155', '(155:TEXT_JS_NOT_LOGGED_IN_DETAIL:en:locale)', '[{\"changed\": {\"fields\": [\"translation\"]}}]', '19', '3', '2'), ('136', '2019-10-24 11:37:31', '154', '(154:TEXT_JS_NOT_LOGGED_IN_TITLE:en:locale)', '[{\"changed\": {\"fields\": [\"translation\"]}}]', '19', '3', '2'), ('137', '2019-10-24 11:37:31', '150', '(150:TEXT_JS_NO_AVAILABLE!:en:locale)', '[{\"changed\": {\"fields\": [\"translation\"]}}]', '19', '3', '2'), ('138', '2019-10-24 11:37:31', '149', '(149:TEXT_JS_NO_AVAILABLE_DETAIL:en:locale)', '[{\"changed\": {\"fields\": [\"translation\"]}}]', '19', '3', '2'), ('139', '2019-10-24 11:37:31', '148', '(148:TEXT_JS_NO_AVAILABLE_TITLE:en:locale)', '[{\"changed\": {\"fields\": [\"translation\"]}}]', '19', '3', '2'), ('140', '2019-10-24 11:37:31', '156', '(156:TEXT_JS_WARNING:en:locale)', '[{\"changed\": {\"fields\": [\"translation\"]}}]', '19', '3', '2'), ('141', '2019-10-24 13:25:09', '161', '(161:TEXT_JS_ERROR:en:locale)', '[{\"changed\": {\"fields\": [\"translation\"]}}]', '19', '3', '2'), ('142', '2019-10-24 13:25:09', '158', '(158:TEXT_JS_ERROR_BONUS_CODE:en:locale)', '[{\"changed\": {\"fields\": [\"translation\"]}}]', '19', '3', '2'), ('143', '2019-10-24 13:25:09', '159', '(159:TEXT_JS_ERROR_GIVING_BONUS_CODE:en:locale)', '[{\"changed\": {\"fields\": [\"translation\"]}}]', '19', '3', '2'), ('144', '2019-10-28 08:57:11', '160', '(160:TEXT_JS_CONTACT_SUPPORT:en:locale)', '[{\"changed\": {\"fields\": [\"translation\"]}}]', '19', '3', '2'), ('145', '2019-10-28 08:57:11', '157', '(157:TEXT_JS_DONT_HAVE_BONUS_CODE:en:locale)', '[{\"changed\": {\"fields\": [\"translation\"]}}]', '19', '3', '2'), ('146', '2019-10-28 08:57:11', '159', '(159:TEXT_JS_ERROR_GIVING_BONUS_CODE:en:locale)', '[{\"changed\": {\"fields\": [\"translation\"]}}]', '19', '3', '2'), ('147', '2019-10-28 08:57:11', '153', '(153:TEXT_JS_GAMES_IS_RUNNING:en:locale)', '[{\"changed\": {\"fields\": [\"translation\"]}}]', '19', '3', '2'), ('148', '2019-10-28 08:57:11', '152', '(152:TEXT_JS_GAMES_IS_RUNNING_DETAIL:en:locale)', '[{\"changed\": {\"fields\": [\"translation\"]}}]', '19', '3', '2'), ('149', '2019-10-28 08:57:11', '162', '(162:TEXT_JS_GAME_CANCEL:en:locale)', '[{\"changed\": {\"fields\": [\"translation\"]}}]', '19', '3', '2'), ('150', '2019-10-28 08:59:35', '150', '(150:TEXT_JS_NO_AVAILABLE!:en:locale)', '[{\"changed\": {\"fields\": [\"translation\"]}}]', '19', '3', '2'), ('151', '2019-10-28 14:20:12', '131', '(131:Please try again:az:locale)', '[{\"changed\": {\"fields\": [\"translation\"]}}]', '19', '3', '2'), ('152', '2019-10-28 14:20:12', '127', '(127:Please try again:fa:locale)', '[{\"changed\": {\"fields\": [\"translation\"]}}]', '19', '3', '2'), ('153', '2019-10-28 14:20:12', '129', '(129:Please try again:ru:locale)', '[{\"changed\": {\"fields\": [\"translation\"]}}]', '19', '3', '2'), ('154', '2019-10-28 14:20:12', '121', '(121:Please try again:tr:locale)', '[{\"changed\": {\"fields\": [\"translation\"]}}]', '19', '3', '2'), ('155', '2019-10-28 14:20:12', '47', '(47:TEXT_HOW_TO_PLAY:az:locale)', '[{\"changed\": {\"fields\": [\"translation\"]}}]', '19', '3', '2'), ('156', '2019-10-28 14:20:12', '29', '(29:TEXT_HOW_TO_PLAY:fa:locale)', '[{\"changed\": {\"fields\": [\"translation\"]}}]', '19', '3', '2'), ('157', '2019-10-28 14:20:12', '38', '(38:TEXT_HOW_TO_PLAY:ru:locale)', '[{\"changed\": {\"fields\": [\"translation\"]}}]', '19', '3', '2'), ('158', '2019-10-28 14:20:12', '2', '(2:TEXT_HOW_TO_PLAY:tr:locale)', '[{\"changed\": {\"fields\": [\"translation\"]}}]', '19', '3', '2'), ('159', '2019-10-28 14:23:48', '217', '(217:TEXT_JS_DONT_HAVE_BONUS_CODE:az:locale)', '[{\"changed\": {\"fields\": [\"translation\"]}}]', '19', '3', '2'), ('160', '2019-10-28 14:23:48', '187', '(187:TEXT_JS_DONT_HAVE_BONUS_CODE:fa:locale)', '[{\"changed\": {\"fields\": [\"translation\"]}}]', '19', '3', '2'), ('161', '2019-10-28 14:23:48', '202', '(202:TEXT_JS_DONT_HAVE_BONUS_CODE:ru:locale)', '[{\"changed\": {\"fields\": [\"translation\"]}}]', '19', '3', '2'), ('162', '2019-10-28 14:23:48', '142', '(142:TEXT_JS_DONT_HAVE_BONUS_CODE:tr:locale)', '[{\"changed\": {\"fields\": [\"translation\"]}}]', '19', '3', '2'), ('163', '2019-10-28 14:23:48', '221', '(221:TEXT_JS_ERROR:az:locale)', '[{\"changed\": {\"fields\": [\"translation\"]}}]', '19', '3', '2'), ('164', '2019-10-28 14:23:48', '191', '(191:TEXT_JS_ERROR:fa:locale)', '[{\"changed\": {\"fields\": [\"translation\"]}}]', '19', '3', '2'), ('165', '2019-10-28 14:23:48', '206', '(206:TEXT_JS_ERROR:ru:locale)', '[{\"changed\": {\"fields\": [\"translation\"]}}]', '19', '3', '2'), ('166', '2019-10-28 14:23:48', '146', '(146:TEXT_JS_ERROR:tr:locale)', '[{\"changed\": {\"fields\": [\"translation\"]}}]', '19', '3', '2'), ('167', '2019-10-28 14:23:48', '218', '(218:TEXT_JS_ERROR_BONUS_CODE:az:locale)', '[{\"changed\": {\"fields\": [\"translation\"]}}]', '19', '3', '2'), ('168', '2019-10-28 14:23:48', '188', '(188:TEXT_JS_ERROR_BONUS_CODE:fa:locale)', '[{\"changed\": {\"fields\": [\"translation\"]}}]', '19', '3', '2'), ('169', '2019-10-28 14:23:48', '203', '(203:TEXT_JS_ERROR_BONUS_CODE:ru:locale)', '[{\"changed\": {\"fields\": [\"translation\"]}}]', '19', '3', '2'), ('170', '2019-10-28 14:23:48', '143', '(143:TEXT_JS_ERROR_BONUS_CODE:tr:locale)', '[{\"changed\": {\"fields\": [\"translation\"]}}]', '19', '3', '2'), ('171', '2019-10-28 14:23:48', '219', '(219:TEXT_JS_ERROR_GIVING_BONUS_CODE:az:locale)', '[{\"changed\": {\"fields\": [\"translation\"]}}]', '19', '3', '2'), ('172', '2019-10-28 14:23:48', '189', '(189:TEXT_JS_ERROR_GIVING_BONUS_CODE:fa:locale)', '[{\"changed\": {\"fields\": [\"translation\"]}}]', '19', '3', '2'), ('173', '2019-10-28 14:23:48', '204', '(204:TEXT_JS_ERROR_GIVING_BONUS_CODE:ru:locale)', '[{\"changed\": {\"fields\": [\"translation\"]}}]', '19', '3', '2'), ('174', '2019-10-28 14:23:48', '144', '(144:TEXT_JS_ERROR_GIVING_BONUS_CODE:tr:locale)', '[{\"changed\": {\"fields\": [\"translation\"]}}]', '19', '3', '2'), ('175', '2019-10-28 14:25:10', '213', '(213:TEXT_JS_GAMES_IS_RUNNING:az:locale)', '[{\"changed\": {\"fields\": [\"translation\"]}}]', '19', '3', '2'), ('176', '2019-10-28 14:25:10', '183', '(183:TEXT_JS_GAMES_IS_RUNNING:fa:locale)', '[{\"changed\": {\"fields\": [\"translation\"]}}]', '19', '3', '2'), ('177', '2019-10-28 14:25:10', '198', '(198:TEXT_JS_GAMES_IS_RUNNING:ru:locale)', '[{\"changed\": {\"fields\": [\"translation\"]}}]', '19', '3', '2'), ('178', '2019-10-28 14:25:10', '138', '(138:TEXT_JS_GAMES_IS_RUNNING:tr:locale)', '[{\"changed\": {\"fields\": [\"translation\"]}}]', '19', '3', '2'), ('179', '2019-10-28 14:25:10', '212', '(212:TEXT_JS_GAMES_IS_RUNNING_DETAIL:az:locale)', '[{\"changed\": {\"fields\": [\"translation\"]}}]', '19', '3', '2'), ('180', '2019-10-28 14:25:10', '182', '(182:TEXT_JS_GAMES_IS_RUNNING_DETAIL:fa:locale)', '[{\"changed\": {\"fields\": [\"translation\"]}}]', '19', '3', '2'), ('181', '2019-10-28 14:25:10', '197', '(197:TEXT_JS_GAMES_IS_RUNNING_DETAIL:ru:locale)', '[{\"changed\": {\"fields\": [\"translation\"]}}]', '19', '3', '2'), ('182', '2019-10-28 14:25:10', '137', '(137:TEXT_JS_GAMES_IS_RUNNING_DETAIL:tr:locale)', '[{\"changed\": {\"fields\": [\"translation\"]}}]', '19', '3', '2'), ('183', '2019-10-28 14:27:50', '211', '(211:TEXT_JS_GAMES_IS_RUNNING_TITLE:az:locale)', '[{\"changed\": {\"fields\": [\"translation\"]}}]', '19', '3', '2'), ('184', '2019-10-28 14:27:50', '181', '(181:TEXT_JS_GAMES_IS_RUNNING_TITLE:fa:locale)', '[{\"changed\": {\"fields\": [\"translation\"]}}]', '19', '3', '2'), ('185', '2019-10-28 14:27:50', '196', '(196:TEXT_JS_GAMES_IS_RUNNING_TITLE:ru:locale)', '[{\"changed\": {\"fields\": [\"translation\"]}}]', '19', '3', '2'), ('186', '2019-10-28 14:27:50', '136', '(136:TEXT_JS_GAMES_IS_RUNNING_TITLE:tr:locale)', '[{\"changed\": {\"fields\": [\"translation\"]}}]', '19', '3', '2'), ('187', '2019-10-28 14:31:28', '222', '(222:TEXT_JS_GAME_CANCEL:az:locale)', '[{\"changed\": {\"fields\": [\"translation\"]}}]', '19', '3', '2'), ('188', '2019-10-28 14:31:28', '192', '(192:TEXT_JS_GAME_CANCEL:fa:locale)', '[{\"changed\": {\"fields\": [\"translation\"]}}]', '19', '3', '2'), ('189', '2019-10-28 14:31:28', '207', '(207:TEXT_JS_GAME_CANCEL:ru:locale)', '[{\"changed\": {\"fields\": [\"translation\"]}}]', '19', '3', '2'), ('190', '2019-10-28 14:31:28', '147', '(147:TEXT_JS_GAME_CANCEL:tr:locale)', '[{\"changed\": {\"fields\": [\"translation\"]}}]', '19', '3', '2'), ('191', '2019-10-28 14:31:28', '132', '(132:TEXT_JS_NOT_LOGGED_IN:az:locale)', '[{\"changed\": {\"fields\": [\"translation\"]}}]', '19', '3', '2'), ('192', '2019-10-28 14:31:28', '128', '(128:TEXT_JS_NOT_LOGGED_IN:fa:locale)', '[{\"changed\": {\"fields\": [\"translation\"]}}]', '19', '3', '2'), ('193', '2019-10-28 14:32:04', '130', '(130:TEXT_JS_NOT_LOGGED_IN:ru:locale)', '[{\"changed\": {\"fields\": [\"translation\"]}}]', '19', '3', '2'), ('194', '2019-10-28 14:32:04', '122', '(122:TEXT_JS_NOT_LOGGED_IN:tr:locale)', '[{\"changed\": {\"fields\": [\"translation\"]}}]', '19', '3', '2'), ('195', '2019-10-28 14:50:36', '215', '(215:TEXT_JS_NOT_LOGGED_IN_DETAIL:az:locale)', '[{\"changed\": {\"fields\": [\"translation\"]}}]', '19', '3', '2'), ('196', '2019-10-28 14:50:36', '185', '(185:TEXT_JS_NOT_LOGGED_IN_DETAIL:fa:locale)', '[{\"changed\": {\"fields\": [\"translation\"]}}]', '19', '3', '2'), ('197', '2019-10-28 14:50:36', '200', '(200:TEXT_JS_NOT_LOGGED_IN_DETAIL:ru:locale)', '[{\"changed\": {\"fields\": [\"translation\"]}}]', '19', '3', '2'), ('198', '2019-10-28 14:50:36', '140', '(140:TEXT_JS_NOT_LOGGED_IN_DETAIL:tr:locale)', '[{\"changed\": {\"fields\": [\"translation\"]}}]', '19', '3', '2'), ('199', '2019-10-28 14:50:36', '214', '(214:TEXT_JS_NOT_LOGGED_IN_TITLE:az:locale)', '[{\"changed\": {\"fields\": [\"translation\"]}}]', '19', '3', '2'), ('200', '2019-10-28 14:50:36', '184', '(184:TEXT_JS_NOT_LOGGED_IN_TITLE:fa:locale)', '[{\"changed\": {\"fields\": [\"translation\"]}}]', '19', '3', '2'), ('201', '2019-10-28 14:50:36', '199', '(199:TEXT_JS_NOT_LOGGED_IN_TITLE:ru:locale)', '[{\"changed\": {\"fields\": [\"translation\"]}}]', '19', '3', '2'), ('202', '2019-10-28 14:50:36', '139', '(139:TEXT_JS_NOT_LOGGED_IN_TITLE:tr:locale)', '[{\"changed\": {\"fields\": [\"translation\"]}}]', '19', '3', '2'), ('203', '2019-10-28 14:50:36', '210', '(210:TEXT_JS_NO_AVAILABLE!:az:locale)', '[{\"changed\": {\"fields\": [\"translation\"]}}]', '19', '3', '2'), ('204', '2019-10-28 14:50:36', '180', '(180:TEXT_JS_NO_AVAILABLE!:fa:locale)', '[{\"changed\": {\"fields\": [\"translation\"]}}]', '19', '3', '2'), ('205', '2019-10-28 14:50:36', '195', '(195:TEXT_JS_NO_AVAILABLE!:ru:locale)', '[{\"changed\": {\"fields\": [\"translation\"]}}]', '19', '3', '2'), ('206', '2019-10-28 14:50:36', '135', '(135:TEXT_JS_NO_AVAILABLE!:tr:locale)', '[{\"changed\": {\"fields\": [\"translation\"]}}]', '19', '3', '2'), ('207', '2019-10-28 14:52:21', '209', '(209:TEXT_JS_NO_AVAILABLE_DETAIL:az:locale)', '[{\"changed\": {\"fields\": [\"translation\"]}}]', '19', '3', '2'), ('208', '2019-10-28 14:52:21', '179', '(179:TEXT_JS_NO_AVAILABLE_DETAIL:fa:locale)', '[{\"changed\": {\"fields\": [\"translation\"]}}]', '19', '3', '2'), ('209', '2019-10-28 14:52:21', '194', '(194:TEXT_JS_NO_AVAILABLE_DETAIL:ru:locale)', '[{\"changed\": {\"fields\": [\"translation\"]}}]', '19', '3', '2'), ('210', '2019-10-28 14:52:21', '134', '(134:TEXT_JS_NO_AVAILABLE_DETAIL:tr:locale)', '[{\"changed\": {\"fields\": [\"translation\"]}}]', '19', '3', '2'), ('211', '2019-10-28 14:52:21', '208', '(208:TEXT_JS_NO_AVAILABLE_TITLE:az:locale)', '[{\"changed\": {\"fields\": [\"translation\"]}}]', '19', '3', '2'), ('212', '2019-10-28 14:52:22', '178', '(178:TEXT_JS_NO_AVAILABLE_TITLE:fa:locale)', '[{\"changed\": {\"fields\": [\"translation\"]}}]', '19', '3', '2'), ('213', '2019-10-28 14:52:22', '193', '(193:TEXT_JS_NO_AVAILABLE_TITLE:ru:locale)', '[{\"changed\": {\"fields\": [\"translation\"]}}]', '19', '3', '2'), ('214', '2019-10-28 14:52:22', '133', '(133:TEXT_JS_NO_AVAILABLE_TITLE:tr:locale)', '[{\"changed\": {\"fields\": [\"translation\"]}}]', '19', '3', '2'), ('215', '2019-10-28 14:52:22', '216', '(216:TEXT_JS_WARNING:az:locale)', '[{\"changed\": {\"fields\": [\"translation\"]}}]', '19', '3', '2'), ('216', '2019-10-28 14:52:22', '186', '(186:TEXT_JS_WARNING:fa:locale)', '[{\"changed\": {\"fields\": [\"translation\"]}}]', '19', '3', '2'), ('217', '2019-10-28 14:52:22', '201', '(201:TEXT_JS_WARNING:ru:locale)', '[{\"changed\": {\"fields\": [\"translation\"]}}]', '19', '3', '2'), ('218', '2019-10-28 14:52:22', '141', '(141:TEXT_JS_WARNING:tr:locale)', '[{\"changed\": {\"fields\": [\"translation\"]}}]', '19', '3', '2'), ('219', '2019-10-28 14:57:53', '18', '(18:TEXT_SPIN:en:locale)', '[{\"changed\": {\"fields\": [\"translation\"]}}]', '19', '3', '2'), ('220', '2019-10-28 14:57:53', '48', '(48:TEXT_STEP_1:az:locale)', '[{\"changed\": {\"fields\": [\"translation\"]}}]', '19', '3', '2'), ('221', '2019-10-28 14:57:53', '30', '(30:TEXT_STEP_1:fa:locale)', '[{\"changed\": {\"fields\": [\"translation\"]}}]', '19', '3', '2'), ('222', '2019-10-28 14:57:53', '39', '(39:TEXT_STEP_1:ru:locale)', '[{\"changed\": {\"fields\": [\"translation\"]}}]', '19', '3', '2'), ('223', '2019-10-28 14:57:53', '3', '(3:TEXT_STEP_1:tr:locale)', '[{\"changed\": {\"fields\": [\"translation\"]}}]', '19', '3', '2'), ('224', '2019-10-28 14:57:53', '49', '(49:TEXT_STEP_2:az:locale)', '[{\"changed\": {\"fields\": [\"translation\"]}}]', '19', '3', '2'), ('225', '2019-10-28 14:57:53', '31', '(31:TEXT_STEP_2:fa:locale)', '[{\"changed\": {\"fields\": [\"translation\"]}}]', '19', '3', '2'), ('226', '2019-10-28 14:57:53', '40', '(40:TEXT_STEP_2:ru:locale)', '[{\"changed\": {\"fields\": [\"translation\"]}}]', '19', '3', '2'), ('227', '2019-10-28 14:57:53', '4', '(4:TEXT_STEP_2:tr:locale)', '[{\"changed\": {\"fields\": [\"translation\"]}}]', '19', '3', '2'), ('228', '2019-10-28 14:57:53', '50', '(50:TEXT_STEP_3:az:locale)', '[{\"changed\": {\"fields\": [\"translation\"]}}]', '19', '3', '2'), ('229', '2019-10-28 14:57:53', '32', '(32:TEXT_STEP_3:fa:locale)', '[{\"changed\": {\"fields\": [\"translation\"]}}]', '19', '3', '2'), ('230', '2019-10-28 14:57:53', '41', '(41:TEXT_STEP_3:ru:locale)', '[{\"changed\": {\"fields\": [\"translation\"]}}]', '19', '3', '2'), ('231', '2019-10-28 14:57:53', '5', '(5:TEXT_STEP_3:tr:locale)', '[{\"changed\": {\"fields\": [\"translation\"]}}]', '19', '3', '2'), ('232', '2019-10-28 14:57:53', '51', '(51:TEXT_STEP_4:az:locale)', '[{\"changed\": {\"fields\": [\"translation\"]}}]', '19', '3', '2'), ('233', '2019-10-28 14:57:53', '33', '(33:TEXT_STEP_4:fa:locale)', '[{\"changed\": {\"fields\": [\"translation\"]}}]', '19', '3', '2'), ('234', '2019-10-28 14:57:53', '42', '(42:TEXT_STEP_4:ru:locale)', '[{\"changed\": {\"fields\": [\"translation\"]}}]', '19', '3', '2'), ('235', '2019-10-28 14:57:53', '6', '(6:TEXT_STEP_4:tr:locale)', '[{\"changed\": {\"fields\": [\"translation\"]}}]', '19', '3', '2'), ('236', '2019-10-28 14:57:53', '52', '(52:TEXT_STEP_5:az:locale)', '[{\"changed\": {\"fields\": [\"translation\"]}}]', '19', '3', '2'), ('237', '2019-10-28 14:57:53', '34', '(34:TEXT_STEP_5:fa:locale)', '[{\"changed\": {\"fields\": [\"translation\"]}}]', '19', '3', '2'), ('238', '2019-10-28 14:57:54', '43', '(43:TEXT_STEP_5:ru:locale)', '[{\"changed\": {\"fields\": [\"translation\"]}}]', '19', '3', '2'), ('239', '2019-10-28 14:57:54', '7', '(7:TEXT_STEP_5:tr:locale)', '[{\"changed\": {\"fields\": [\"translation\"]}}]', '19', '3', '2'), ('240', '2019-10-28 14:57:54', '53', '(53:TEXT_STEP_6:az:locale)', '[{\"changed\": {\"fields\": [\"translation\"]}}]', '19', '3', '2'), ('241', '2019-10-28 14:57:54', '35', '(35:TEXT_STEP_6:fa:locale)', '[{\"changed\": {\"fields\": [\"translation\"]}}]', '19', '3', '2'), ('242', '2019-10-28 14:57:54', '44', '(44:TEXT_STEP_6:ru:locale)', '[{\"changed\": {\"fields\": [\"translation\"]}}]', '19', '3', '2'), ('243', '2019-10-28 14:57:54', '8', '(8:TEXT_STEP_6:tr:locale)', '[{\"changed\": {\"fields\": [\"translation\"]}}]', '19', '3', '2'), ('244', '2019-10-28 14:58:48', '46', '(46:TEXT_WAITING_CLAIM_BONUS:az:locale)', '[{\"changed\": {\"fields\": [\"translation\"]}}]', '19', '3', '2'), ('245', '2019-10-28 14:58:48', '28', '(28:TEXT_WAITING_CLAIM_BONUS:fa:locale)', '[{\"changed\": {\"fields\": [\"translation\"]}}]', '19', '3', '2'), ('246', '2019-10-28 14:58:48', '37', '(37:TEXT_WAITING_CLAIM_BONUS:ru:locale)', '[{\"changed\": {\"fields\": [\"translation\"]}}]', '19', '3', '2'), ('247', '2019-10-28 14:58:48', '1', '(1:TEXT_WAITING_CLAIM_BONUS:tr:locale)', '[{\"changed\": {\"fields\": [\"translation\"]}}]', '19', '3', '2'), ('248', '2019-10-28 15:02:41', '125', '(125:Please try again:de:locale)', '[{\"changed\": {\"fields\": [\"translation\"]}}]', '19', '3', '2'), ('249', '2019-10-28 15:02:41', '20', '(20:TEXT_HOW_TO_PLAY:de:locale)', '[{\"changed\": {\"fields\": [\"translation\"]}}]', '19', '3', '2'), ('250', '2019-10-28 15:02:41', '172', '(172:TEXT_JS_DONT_HAVE_BONUS_CODE:de:locale)', '[{\"changed\": {\"fields\": [\"translation\"]}}]', '19', '3', '2'), ('251', '2019-10-28 15:02:41', '176', '(176:TEXT_JS_ERROR:de:locale)', '[{\"changed\": {\"fields\": [\"translation\"]}}]', '19', '3', '2'), ('252', '2019-10-28 15:02:41', '173', '(173:TEXT_JS_ERROR_BONUS_CODE:de:locale)', '[{\"changed\": {\"fields\": [\"translation\"]}}]', '19', '3', '2'), ('253', '2019-10-28 15:02:41', '174', '(174:TEXT_JS_ERROR_GIVING_BONUS_CODE:de:locale)', '[{\"changed\": {\"fields\": [\"translation\"]}}]', '19', '3', '2'), ('254', '2019-10-28 15:02:41', '168', '(168:TEXT_JS_GAMES_IS_RUNNING:de:locale)', '[{\"changed\": {\"fields\": [\"translation\"]}}]', '19', '3', '2'), ('255', '2019-10-28 15:02:41', '167', '(167:TEXT_JS_GAMES_IS_RUNNING_DETAIL:de:locale)', '[{\"changed\": {\"fields\": [\"translation\"]}}]', '19', '3', '2'), ('256', '2019-10-28 15:02:41', '166', '(166:TEXT_JS_GAMES_IS_RUNNING_TITLE:de:locale)', '[{\"changed\": {\"fields\": [\"translation\"]}}]', '19', '3', '2'), ('257', '2019-10-28 15:02:41', '177', '(177:TEXT_JS_GAME_CANCEL:de:locale)', '[{\"changed\": {\"fields\": [\"translation\"]}}]', '19', '3', '2'), ('258', '2019-10-28 15:02:41', '126', '(126:TEXT_JS_NOT_LOGGED_IN:de:locale)', '[{\"changed\": {\"fields\": [\"translation\"]}}]', '19', '3', '2'), ('259', '2019-10-28 15:03:42', '170', '(170:TEXT_JS_NOT_LOGGED_IN_DETAIL:de:locale)', '[{\"changed\": {\"fields\": [\"translation\"]}}]', '19', '3', '2'), ('260', '2019-10-28 15:03:42', '169', '(169:TEXT_JS_NOT_LOGGED_IN_TITLE:de:locale)', '[{\"changed\": {\"fields\": [\"translation\"]}}]', '19', '3', '2'), ('261', '2019-10-28 15:05:09', '112', '(112:Azeri:az:locale)', '[{\"changed\": {\"fields\": [\"translation\"]}}]', '19', '3', '2'), ('262', '2019-10-28 15:05:09', '79', '(79:Azeri:de:locale)', '[{\"changed\": {\"fields\": [\"translation\"]}}]', '19', '3', '2'), ('263', '2019-10-28 15:05:09', '68', '(68:Azeri:en:locale)', '[{\"changed\": {\"fields\": [\"translation\"]}}]', '19', '3', '2'), ('264', '2019-10-28 15:05:09', '90', '(90:Azeri:fa:locale)', '[{\"changed\": {\"fields\": [\"translation\"]}}]', '19', '3', '2'), ('265', '2019-10-28 15:05:09', '101', '(101:Azeri:ru:locale)', '[{\"changed\": {\"fields\": [\"translation\"]}}]', '19', '3', '2'), ('266', '2019-10-28 15:05:09', '57', '(57:Azeri:tr:locale)', '[{\"changed\": {\"fields\": [\"translation\"]}}]', '19', '3', '2'), ('267', '2019-10-28 15:05:31', '113', '(113:German:az:locale)', '[{\"changed\": {\"fields\": [\"translation\"]}}]', '19', '3', '2'), ('268', '2019-10-28 15:05:31', '80', '(80:German:de:locale)', '[{\"changed\": {\"fields\": [\"translation\"]}}]', '19', '3', '2'), ('269', '2019-10-28 15:05:31', '69', '(69:German:en:locale)', '[{\"changed\": {\"fields\": [\"translation\"]}}]', '19', '3', '2'), ('270', '2019-10-28 15:05:31', '91', '(91:German:fa:locale)', '[{\"changed\": {\"fields\": [\"translation\"]}}]', '19', '3', '2'), ('271', '2019-10-28 15:05:31', '102', '(102:German:ru:locale)', '[{\"changed\": {\"fields\": [\"translation\"]}}]', '19', '3', '2'), ('272', '2019-10-28 15:05:31', '58', '(58:German:tr:locale)', '[{\"changed\": {\"fields\": [\"translation\"]}}]', '19', '3', '2'), ('273', '2019-10-28 15:06:08', '115', '(115:Farsi:az:locale)', '[{\"changed\": {\"fields\": [\"translation\"]}}]', '19', '3', '2'), ('274', '2019-10-28 15:06:08', '82', '(82:Farsi:de:locale)', '[{\"changed\": {\"fields\": [\"translation\"]}}]', '19', '3', '2'), ('275', '2019-10-28 15:06:08', '71', '(71:Farsi:en:locale)', '[{\"changed\": {\"fields\": [\"translation\"]}}]', '19', '3', '2'), ('276', '2019-10-28 15:06:08', '93', '(93:Farsi:fa:locale)', '[{\"changed\": {\"fields\": [\"translation\"]}}]', '19', '3', '2'), ('277', '2019-10-28 15:06:08', '104', '(104:Farsi:ru:locale)', '[{\"changed\": {\"fields\": [\"translation\"]}}]', '19', '3', '2'), ('278', '2019-10-28 15:06:08', '60', '(60:Farsi:tr:locale)', '[{\"changed\": {\"fields\": [\"translation\"]}}]', '19', '3', '2'), ('279', '2019-10-28 15:07:07', '111', '(111:Russian:az:locale)', '[{\"changed\": {\"fields\": [\"translation\"]}}]', '19', '3', '2'), ('280', '2019-10-28 15:07:08', '78', '(78:Russian:de:locale)', '[{\"changed\": {\"fields\": [\"translation\"]}}]', '19', '3', '2'), ('281', '2019-10-28 15:07:08', '67', '(67:Russian:en:locale)', '[{\"changed\": {\"fields\": [\"translation\"]}}]', '19', '3', '2'), ('282', '2019-10-28 15:07:08', '89', '(89:Russian:fa:locale)', '[{\"changed\": {\"fields\": [\"translation\"]}}]', '19', '3', '2'), ('283', '2019-10-28 15:07:08', '100', '(100:Russian:ru:locale)', '[{\"changed\": {\"fields\": [\"translation\"]}}]', '19', '3', '2'), ('284', '2019-10-28 15:07:08', '56', '(56:Russian:tr:locale)', '[{\"changed\": {\"fields\": [\"translation\"]}}]', '19', '3', '2'), ('285', '2019-10-28 15:07:46', '114', '(114:Turkish:az:locale)', '[{\"changed\": {\"fields\": [\"translation\"]}}]', '19', '3', '2'), ('286', '2019-10-28 15:07:46', '81', '(81:Turkish:de:locale)', '[{\"changed\": {\"fields\": [\"translation\"]}}]', '19', '3', '2'), ('287', '2019-10-28 15:07:46', '70', '(70:Turkish:en:locale)', '[{\"changed\": {\"fields\": [\"translation\"]}}]', '19', '3', '2'), ('288', '2019-10-28 15:07:46', '92', '(92:Turkish:fa:locale)', '[{\"changed\": {\"fields\": [\"translation\"]}}]', '19', '3', '2'), ('289', '2019-10-28 15:07:46', '103', '(103:Turkish:ru:locale)', '[{\"changed\": {\"fields\": [\"translation\"]}}]', '19', '3', '2'), ('290', '2019-10-28 15:07:46', '59', '(59:Turkish:tr:locale)', '[{\"changed\": {\"fields\": [\"translation\"]}}]', '19', '3', '2'), ('291', '2019-10-28 15:10:27', '54', '(54:TEXT_SPIN:az:locale)', '[{\"changed\": {\"fields\": [\"translation\"]}}]', '19', '3', '2'), ('292', '2019-10-28 15:10:27', '45', '(45:TEXT_SPIN:ru:locale)', '[{\"changed\": {\"fields\": [\"translation\"]}}]', '19', '3', '2'), ('293', '2019-10-28 15:10:27', '9', '(9:TEXT_SPIN:tr:locale)', '[{\"changed\": {\"fields\": [\"translation\"]}}]', '19', '3', '2'), ('294', '2019-10-28 15:11:07', '220', '(220:TEXT_JS_CONTACT_SUPPORT:az:locale)', '[{\"changed\": {\"fields\": [\"translation\"]}}]', '19', '3', '2'), ('295', '2019-10-28 15:11:07', '205', '(205:TEXT_JS_CONTACT_SUPPORT:ru:locale)', '[{\"changed\": {\"fields\": [\"translation\"]}}]', '19', '3', '2'), ('296', '2019-10-28 15:11:07', '145', '(145:TEXT_JS_CONTACT_SUPPORT:tr:locale)', '[{\"changed\": {\"fields\": [\"translation\"]}}]', '19', '3', '2'), ('297', '2019-10-28 15:17:29', '165', '(165:TEXT_JS_NO_AVAILABLE!:de:locale)', '[{\"changed\": {\"fields\": [\"translation\"]}}]', '19', '3', '2'), ('298', '2019-10-28 15:17:30', '164', '(164:TEXT_JS_NO_AVAILABLE_DETAIL:de:locale)', '[{\"changed\": {\"fields\": [\"translation\"]}}]', '19', '3', '2'), ('299', '2019-10-28 15:17:30', '163', '(163:TEXT_JS_NO_AVAILABLE_TITLE:de:locale)', '[{\"changed\": {\"fields\": [\"translation\"]}}]', '19', '3', '2'), ('300', '2019-10-28 15:17:30', '171', '(171:TEXT_JS_WARNING:de:locale)', '[{\"changed\": {\"fields\": [\"translation\"]}}]', '19', '3', '2'), ('301', '2019-10-28 15:17:30', '21', '(21:TEXT_STEP_1:de:locale)', '[{\"changed\": {\"fields\": [\"translation\"]}}]', '19', '3', '2'), ('302', '2019-10-28 15:30:40', '175', '(175:TEXT_JS_CONTACT_SUPPORT:de:locale)', '[{\"changed\": {\"fields\": [\"translation\"]}}]', '19', '3', '2'), ('303', '2019-10-28 15:32:38', '27', '(27:TEXT_SPIN:de:locale)', '[{\"changed\": {\"fields\": [\"translation\"]}}]', '19', '3', '2'), ('304', '2019-10-28 15:32:38', '22', '(22:TEXT_STEP_2:de:locale)', '[{\"changed\": {\"fields\": [\"translation\"]}}]', '19', '3', '2'), ('305', '2019-10-28 15:32:38', '23', '(23:TEXT_STEP_3:de:locale)', '[{\"changed\": {\"fields\": [\"translation\"]}}]', '19', '3', '2'), ('306', '2019-10-28 15:32:38', '24', '(24:TEXT_STEP_4:de:locale)', '[{\"changed\": {\"fields\": [\"translation\"]}}]', '19', '3', '2'), ('307', '2019-10-28 15:32:38', '25', '(25:TEXT_STEP_5:de:locale)', '[{\"changed\": {\"fields\": [\"translation\"]}}]', '19', '3', '2'), ('308', '2019-10-28 15:32:38', '26', '(26:TEXT_STEP_6:de:locale)', '[{\"changed\": {\"fields\": [\"translation\"]}}]', '19', '3', '2'), ('309', '2019-10-28 15:32:39', '19', '(19:TEXT_WAITING_CLAIM_BONUS:de:locale)', '[{\"changed\": {\"fields\": [\"translation\"]}}]', '19', '3', '2'), ('310', '2019-10-28 15:45:52', '190', '(190:TEXT_JS_CONTACT_SUPPORT:fa:locale)', '[{\"changed\": {\"fields\": [\"translation\"]}}]', '19', '3', '2'), ('311', '2019-10-28 15:46:39', '210', '(210:TEXT_JS_NO_AVAILABLE!:az:locale)', '[{\"changed\": {\"fields\": [\"translation\"]}}]', '19', '3', '2'), ('312', '2019-10-28 15:46:39', '36', '(36:TEXT_SPIN:fa:locale)', '[{\"changed\": {\"fields\": [\"translation\"]}}]', '19', '3', '2');
COMMIT;

-- ----------------------------
--  Table structure for `django_content_type`
-- ----------------------------
DROP TABLE IF EXISTS `django_content_type`;
CREATE TABLE `django_content_type` (
  `id` int(11) NOT NULL AUTO_INCREMENT,
  `app_label` varchar(100) NOT NULL,
  `model` varchar(100) NOT NULL,
  PRIMARY KEY (`id`),
  UNIQUE KEY `django_content_type_app_label_model_76bd3d3b_uniq` (`app_label`,`model`)
) ENGINE=InnoDB AUTO_INCREMENT=22 DEFAULT CHARSET=utf8;

-- ----------------------------
--  Records of `django_content_type`
-- ----------------------------
BEGIN;
INSERT INTO `django_content_type` VALUES ('1', 'admin', 'logentry'), ('3', 'auth', 'group'), ('2', 'auth', 'permission'), ('4', 'auth', 'user'), ('5', 'contenttypes', 'contenttype'), ('17', 'interstorm_vendor', 'interstormuservendor'), ('7', 'interstorm_wheel', 'test_db'), ('10', 'interstorm_wheel', 'wheelaccess'), ('11', 'interstorm_wheel', 'wheelaccesslog'), ('13', 'interstorm_wheel', 'wheelbonuscode'), ('9', 'interstorm_wheel', 'wheelgames'), ('14', 'interstorm_wheel', 'wheelimagelevel'), ('15', 'interstorm_wheel', 'wheellevelmanage'), ('12', 'interstorm_wheel', 'wheelpercentage'), ('8', 'interstorm_wheel', 'wheeltransaction'), ('6', 'sessions', 'session'), ('16', 'site_config', 'siteconfig'), ('21', 'translation_manager', 'proxytranslationentry'), ('20', 'translation_manager', 'remotetranslationentry'), ('18', 'translation_manager', 'translationbackup'), ('19', 'translation_manager', 'translationentry');
COMMIT;

-- ----------------------------
--  Table structure for `django_migrations`
-- ----------------------------
DROP TABLE IF EXISTS `django_migrations`;
CREATE TABLE `django_migrations` (
  `id` int(11) NOT NULL AUTO_INCREMENT,
  `app` varchar(255) NOT NULL,
  `name` varchar(255) NOT NULL,
  `applied` datetime NOT NULL,
  PRIMARY KEY (`id`)
) ENGINE=InnoDB AUTO_INCREMENT=36 DEFAULT CHARSET=utf8;

-- ----------------------------
--  Records of `django_migrations`
-- ----------------------------
BEGIN;
INSERT INTO `django_migrations` VALUES ('1', 'contenttypes', '0001_initial', '2019-05-30 07:57:40'), ('2', 'auth', '0001_initial', '2019-05-30 07:57:40'), ('3', 'admin', '0001_initial', '2019-05-30 07:57:40'), ('4', 'admin', '0002_logentry_remove_auto_add', '2019-05-30 07:57:40'), ('5', 'admin', '0003_logentry_add_action_flag_choices', '2019-05-30 07:57:40'), ('6', 'contenttypes', '0002_remove_content_type_name', '2019-05-30 07:57:40'), ('7', 'auth', '0002_alter_permission_name_max_length', '2019-05-30 07:57:40'), ('8', 'auth', '0003_alter_user_email_max_length', '2019-05-30 07:57:40'), ('9', 'auth', '0004_alter_user_username_opts', '2019-05-30 07:57:40'), ('10', 'auth', '0005_alter_user_last_login_null', '2019-05-30 07:57:40'), ('11', 'auth', '0006_require_contenttypes_0002', '2019-05-30 07:57:40'), ('12', 'auth', '0007_alter_validators_add_error_messages', '2019-05-30 07:57:40'), ('13', 'auth', '0008_alter_user_username_max_length', '2019-05-30 07:57:40'), ('14', 'auth', '0009_alter_user_last_name_max_length', '2019-05-30 07:57:40'), ('15', 'auth', '0010_alter_group_name_max_length', '2019-05-30 07:57:40'), ('16', 'auth', '0011_update_proxy_permissions', '2019-05-30 07:57:40'), ('17', 'sessions', '0001_initial', '2019-05-30 07:57:40'), ('18', 'interstorm_vendor', '0001_initial', '2019-05-30 09:57:27'), ('19', 'interstorm_wheel', '0001_initial', '2019-05-30 10:36:56'), ('20', 'site_config', '0001_initial', '2019-05-30 10:36:56'), ('21', 'interstorm_wheel', '0002_auto_20190621_1157', '2019-06-21 11:57:46'), ('22', 'translation_manager', '0001_initial', '2019-09-12 09:47:47'), ('23', 'translation_manager', '0002_auto_20160920_1155', '2019-09-12 09:47:47'), ('24', 'translation_manager', '0003_auto_20160926_0856', '2019-09-12 09:47:47'), ('25', 'translation_manager', '0004_set_new_relative_paths', '2019-09-12 09:47:47'), ('26', 'translation_manager', '0005_auto_20170915_1458', '2019-09-12 09:47:47'), ('27', 'translation_manager', '0006_auto_20170915_1529', '2019-09-12 09:47:47'), ('28', 'translation_manager', '0007_auto_20170918_1731', '2019-09-12 09:47:47'), ('29', 'interstorm_wheel', '0003_auto_20191010_0439', '2019-10-10 04:40:57'), ('30', 'translation_manager', '0008_auto_20191010_0439', '2019-10-10 04:40:57'), ('31', 'interstorm_vendor', '0002_auto_20191029_0800', '2019-10-29 08:00:52'), ('32', 'interstorm_wheel', '0002_wheelaccess_wheelaccesslog_wheelbonuscode_wheelgames_wheelimagelevel_wheelpercentage_wheeltransactio', '2019-10-29 08:01:05'), ('33', 'interstorm_wheel', '0003_auto_20190522_0757', '2019-10-29 08:01:05'), ('34', 'interstorm_wheel', '0004_auto_20190528_0929', '2019-10-29 08:01:05'), ('35', 'interstorm_wheel', '0005_add_bonus_detail', '2019-10-29 08:01:05');
COMMIT;

-- ----------------------------
--  Table structure for `django_session`
-- ----------------------------
DROP TABLE IF EXISTS `django_session`;
CREATE TABLE `django_session` (
  `session_key` varchar(40) NOT NULL,
  `session_data` longtext NOT NULL,
  `expire_date` datetime NOT NULL,
  PRIMARY KEY (`session_key`),
  KEY `django_session_expire_date_a5c62663` (`expire_date`)
) ENGINE=InnoDB DEFAULT CHARSET=utf8;

-- ----------------------------
--  Records of `django_session`
-- ----------------------------
BEGIN;
INSERT INTO `django_session` VALUES ('0d7r5omkeqaw4qkb3orqwi743xijvw6g', 'MzMwMzI4NmNkMjAwMDhmNjllMDA4M2U1Njc3NjVlMDFhYjJmMmZlYTp7Il9hdXRoX3VzZXJfaWQiOiIxIiwiX2F1dGhfdXNlcl9iYWNrZW5kIjoiZGphbmdvLmNvbnRyaWIuYXV0aC5iYWNrZW5kcy5Nb2RlbEJhY2tlbmQiLCJfYXV0aF91c2VyX2hhc2giOiI5YzdkZWI5MzYzZWMwODJlYmMxMDk2M2FjMzRjOGMxZmJkYTFiYWJlIn0=', '2019-10-02 08:14:23'), ('1tdpsdjzlakia63d0heu2gnyzqumg8n5', 'NDBkODcxYzRlNTRlYTFjODVjYzQ2ZGE5MDVjMTE3OWQ1YzZiMWJlNTp7Il9hdXRoX3VzZXJfaWQiOiIzIiwiX2F1dGhfdXNlcl9iYWNrZW5kIjoiZGphbmdvLmNvbnRyaWIuYXV0aC5iYWNrZW5kcy5Nb2RlbEJhY2tlbmQiLCJfYXV0aF91c2VyX2hhc2giOiJiNDEyZDJlMzg0ZGRhOGZjYmVhNTIwNDQyMzI5MjhlZDM4ZjczZDhjIn0=', '2019-10-10 09:00:53'), ('34jtrxdhswk2rkioeq4pu7xibyj9c9tn', 'MmVmNzJlMWU3ZmM3OWMwZjNjZmM1ZGI4MzEyNTA3MzJhYTczNTQxYjp7Il9hdXRoX3VzZXJfaWQiOiI0IiwiX2F1dGhfdXNlcl9iYWNrZW5kIjoiZGphbmdvLmNvbnRyaWIuYXV0aC5iYWNrZW5kcy5Nb2RlbEJhY2tlbmQiLCJfYXV0aF91c2VyX2hhc2giOiJkYTI4ZjM3ZDNlNThjODM3NjcyZWY3NGU5ZmYxM2NiY2NjNmE1NDhhIn0=', '2019-10-08 08:41:42'), ('5qkxoh2stcmopo549cl5pqbqvtfx2irm', 'MDYxN2Q0MDk2ZjU1N2M5ZDA4NjdhZWFjYWVhZTg3ZWZhOTNmMDAwMTp7Il9hdXRoX3VzZXJfaWQiOiIzIiwiX2F1dGhfdXNlcl9iYWNrZW5kIjoiZGphbmdvLmNvbnRyaWIuYXV0aC5iYWNrZW5kcy5Nb2RlbEJhY2tlbmQiLCJfYXV0aF91c2VyX2hhc2giOiI3ZTI3ZmNhMWQzMWI3YmE4NWE0MDhiNGEzYTMwMjI2OTNjZDFiNTQzIn0=', '2019-08-14 09:27:11'), ('79qdwjr9jgsy6qebm551xhcd1e1vlt5i', 'NDBkODcxYzRlNTRlYTFjODVjYzQ2ZGE5MDVjMTE3OWQ1YzZiMWJlNTp7Il9hdXRoX3VzZXJfaWQiOiIzIiwiX2F1dGhfdXNlcl9iYWNrZW5kIjoiZGphbmdvLmNvbnRyaWIuYXV0aC5iYWNrZW5kcy5Nb2RlbEJhY2tlbmQiLCJfYXV0aF91c2VyX2hhc2giOiJiNDEyZDJlMzg0ZGRhOGZjYmVhNTIwNDQyMzI5MjhlZDM4ZjczZDhjIn0=', '2019-10-14 12:43:15'), ('7mngvh6a6pi91gicvzyc2tro5694b05y', 'NDBkODcxYzRlNTRlYTFjODVjYzQ2ZGE5MDVjMTE3OWQ1YzZiMWJlNTp7Il9hdXRoX3VzZXJfaWQiOiIzIiwiX2F1dGhfdXNlcl9iYWNrZW5kIjoiZGphbmdvLmNvbnRyaWIuYXV0aC5iYWNrZW5kcy5Nb2RlbEJhY2tlbmQiLCJfYXV0aF91c2VyX2hhc2giOiJiNDEyZDJlMzg0ZGRhOGZjYmVhNTIwNDQyMzI5MjhlZDM4ZjczZDhjIn0=', '2019-10-24 13:50:46'), ('7y0lpq3qhticavqsoclxeuum6cebrpms', 'ZmQwOTNlNjQ2OTY2YTNiMGNhMWE4NTMwYTIyOGUyY2M1NTAxMDA3MDp7Il9hdXRoX3VzZXJfaWQiOiIzIiwiX2F1dGhfdXNlcl9iYWNrZW5kIjoiZGphbmdvLmNvbnRyaWIuYXV0aC5iYWNrZW5kcy5Nb2RlbEJhY2tlbmQiLCJfYXV0aF91c2VyX2hhc2giOiJhMzZjOWFjNzdjMWY2NDQ0OTk2ZmUxZmI2MWU5MWQ3OWVhODM2N2YyIn0=', '2019-06-19 04:59:21'), ('8ug5pwv0s2o3a41katoycujpuuztzc3r', 'NDBkODcxYzRlNTRlYTFjODVjYzQ2ZGE5MDVjMTE3OWQ1YzZiMWJlNTp7Il9hdXRoX3VzZXJfaWQiOiIzIiwiX2F1dGhfdXNlcl9iYWNrZW5kIjoiZGphbmdvLmNvbnRyaWIuYXV0aC5iYWNrZW5kcy5Nb2RlbEJhY2tlbmQiLCJfYXV0aF91c2VyX2hhc2giOiJiNDEyZDJlMzg0ZGRhOGZjYmVhNTIwNDQyMzI5MjhlZDM4ZjczZDhjIn0=', '2019-10-24 07:52:17'), ('9twhz39exv9s9ut65h0cda92gyb12o2a', 'MzMwMzI4NmNkMjAwMDhmNjllMDA4M2U1Njc3NjVlMDFhYjJmMmZlYTp7Il9hdXRoX3VzZXJfaWQiOiIxIiwiX2F1dGhfdXNlcl9iYWNrZW5kIjoiZGphbmdvLmNvbnRyaWIuYXV0aC5iYWNrZW5kcy5Nb2RlbEJhY2tlbmQiLCJfYXV0aF91c2VyX2hhc2giOiI5YzdkZWI5MzYzZWMwODJlYmMxMDk2M2FjMzRjOGMxZmJkYTFiYWJlIn0=', '2019-06-14 08:34:18'), ('a7jm9et277va5gccc2tt511vl3s5fyf0', 'NDBkODcxYzRlNTRlYTFjODVjYzQ2ZGE5MDVjMTE3OWQ1YzZiMWJlNTp7Il9hdXRoX3VzZXJfaWQiOiIzIiwiX2F1dGhfdXNlcl9iYWNrZW5kIjoiZGphbmdvLmNvbnRyaWIuYXV0aC5iYWNrZW5kcy5Nb2RlbEJhY2tlbmQiLCJfYXV0aF91c2VyX2hhc2giOiJiNDEyZDJlMzg0ZGRhOGZjYmVhNTIwNDQyMzI5MjhlZDM4ZjczZDhjIn0=', '2019-10-10 11:22:49'), ('aqjawf4t6arcy5s1wxhaix29rym6j08p', 'NDBkODcxYzRlNTRlYTFjODVjYzQ2ZGE5MDVjMTE3OWQ1YzZiMWJlNTp7Il9hdXRoX3VzZXJfaWQiOiIzIiwiX2F1dGhfdXNlcl9iYWNrZW5kIjoiZGphbmdvLmNvbnRyaWIuYXV0aC5iYWNrZW5kcy5Nb2RlbEJhY2tlbmQiLCJfYXV0aF91c2VyX2hhc2giOiJiNDEyZDJlMzg0ZGRhOGZjYmVhNTIwNDQyMzI5MjhlZDM4ZjczZDhjIn0=', '2019-10-08 06:44:40'), ('br0x0xhrbx5jtnllkqhw0erb9wrxjg0w', 'MzMwMzI4NmNkMjAwMDhmNjllMDA4M2U1Njc3NjVlMDFhYjJmMmZlYTp7Il9hdXRoX3VzZXJfaWQiOiIxIiwiX2F1dGhfdXNlcl9iYWNrZW5kIjoiZGphbmdvLmNvbnRyaWIuYXV0aC5iYWNrZW5kcy5Nb2RlbEJhY2tlbmQiLCJfYXV0aF91c2VyX2hhc2giOiI5YzdkZWI5MzYzZWMwODJlYmMxMDk2M2FjMzRjOGMxZmJkYTFiYWJlIn0=', '2019-09-03 04:43:37'), ('depx89sdoea4hq1hfljteoagj7e7qvi0', 'NDBkODcxYzRlNTRlYTFjODVjYzQ2ZGE5MDVjMTE3OWQ1YzZiMWJlNTp7Il9hdXRoX3VzZXJfaWQiOiIzIiwiX2F1dGhfdXNlcl9iYWNrZW5kIjoiZGphbmdvLmNvbnRyaWIuYXV0aC5iYWNrZW5kcy5Nb2RlbEJhY2tlbmQiLCJfYXV0aF91c2VyX2hhc2giOiJiNDEyZDJlMzg0ZGRhOGZjYmVhNTIwNDQyMzI5MjhlZDM4ZjczZDhjIn0=', '2019-10-23 09:57:53'), ('epp2gg4qg4amtdjqs1do9eyai8cx2jhf', 'MDYxN2Q0MDk2ZjU1N2M5ZDA4NjdhZWFjYWVhZTg3ZWZhOTNmMDAwMTp7Il9hdXRoX3VzZXJfaWQiOiIzIiwiX2F1dGhfdXNlcl9iYWNrZW5kIjoiZGphbmdvLmNvbnRyaWIuYXV0aC5iYWNrZW5kcy5Nb2RlbEJhY2tlbmQiLCJfYXV0aF91c2VyX2hhc2giOiI3ZTI3ZmNhMWQzMWI3YmE4NWE0MDhiNGEzYTMwMjI2OTNjZDFiNTQzIn0=', '2019-08-14 09:24:08'), ('gjp6qaiod8g57q8lp520h8mcg8a37wed', 'NDBkODcxYzRlNTRlYTFjODVjYzQ2ZGE5MDVjMTE3OWQ1YzZiMWJlNTp7Il9hdXRoX3VzZXJfaWQiOiIzIiwiX2F1dGhfdXNlcl9iYWNrZW5kIjoiZGphbmdvLmNvbnRyaWIuYXV0aC5iYWNrZW5kcy5Nb2RlbEJhY2tlbmQiLCJfYXV0aF91c2VyX2hhc2giOiJiNDEyZDJlMzg0ZGRhOGZjYmVhNTIwNDQyMzI5MjhlZDM4ZjczZDhjIn0=', '2019-10-11 08:21:34'), ('h1agkw9zm6um7a6lhc6mgo4vo0kz5vyo', 'MzMwMzI4NmNkMjAwMDhmNjllMDA4M2U1Njc3NjVlMDFhYjJmMmZlYTp7Il9hdXRoX3VzZXJfaWQiOiIxIiwiX2F1dGhfdXNlcl9iYWNrZW5kIjoiZGphbmdvLmNvbnRyaWIuYXV0aC5iYWNrZW5kcy5Nb2RlbEJhY2tlbmQiLCJfYXV0aF91c2VyX2hhc2giOiI5YzdkZWI5MzYzZWMwODJlYmMxMDk2M2FjMzRjOGMxZmJkYTFiYWJlIn0=', '2019-10-24 04:33:35'), ('jwm9ecvi7jmcm1ulxcj0f2a1wdvhvoai', 'NDBkODcxYzRlNTRlYTFjODVjYzQ2ZGE5MDVjMTE3OWQ1YzZiMWJlNTp7Il9hdXRoX3VzZXJfaWQiOiIzIiwiX2F1dGhfdXNlcl9iYWNrZW5kIjoiZGphbmdvLmNvbnRyaWIuYXV0aC5iYWNrZW5kcy5Nb2RlbEJhY2tlbmQiLCJfYXV0aF91c2VyX2hhc2giOiJiNDEyZDJlMzg0ZGRhOGZjYmVhNTIwNDQyMzI5MjhlZDM4ZjczZDhjIn0=', '2019-10-21 11:14:51'), ('ldmnrzx80tf6agpsjh9kdi56piocol20', 'NDBkODcxYzRlNTRlYTFjODVjYzQ2ZGE5MDVjMTE3OWQ1YzZiMWJlNTp7Il9hdXRoX3VzZXJfaWQiOiIzIiwiX2F1dGhfdXNlcl9iYWNrZW5kIjoiZGphbmdvLmNvbnRyaWIuYXV0aC5iYWNrZW5kcy5Nb2RlbEJhY2tlbmQiLCJfYXV0aF91c2VyX2hhc2giOiJiNDEyZDJlMzg0ZGRhOGZjYmVhNTIwNDQyMzI5MjhlZDM4ZjczZDhjIn0=', '2019-10-10 14:32:31'), ('lye5hcdyqbm8pq0ntgk2k6e6y63seyqf', 'ZmQwOTNlNjQ2OTY2YTNiMGNhMWE4NTMwYTIyOGUyY2M1NTAxMDA3MDp7Il9hdXRoX3VzZXJfaWQiOiIzIiwiX2F1dGhfdXNlcl9iYWNrZW5kIjoiZGphbmdvLmNvbnRyaWIuYXV0aC5iYWNrZW5kcy5Nb2RlbEJhY2tlbmQiLCJfYXV0aF91c2VyX2hhc2giOiJhMzZjOWFjNzdjMWY2NDQ0OTk2ZmUxZmI2MWU5MWQ3OWVhODM2N2YyIn0=', '2019-07-05 12:07:34'), ('md70qzbuihm6wzof2eef8v6mjr7t0isl', 'NDBkODcxYzRlNTRlYTFjODVjYzQ2ZGE5MDVjMTE3OWQ1YzZiMWJlNTp7Il9hdXRoX3VzZXJfaWQiOiIzIiwiX2F1dGhfdXNlcl9iYWNrZW5kIjoiZGphbmdvLmNvbnRyaWIuYXV0aC5iYWNrZW5kcy5Nb2RlbEJhY2tlbmQiLCJfYXV0aF91c2VyX2hhc2giOiJiNDEyZDJlMzg0ZGRhOGZjYmVhNTIwNDQyMzI5MjhlZDM4ZjczZDhjIn0=', '2019-10-21 10:59:28'), ('moaakzzlwogyn4smriytxjicbs32dn67', 'NDBkODcxYzRlNTRlYTFjODVjYzQ2ZGE5MDVjMTE3OWQ1YzZiMWJlNTp7Il9hdXRoX3VzZXJfaWQiOiIzIiwiX2F1dGhfdXNlcl9iYWNrZW5kIjoiZGphbmdvLmNvbnRyaWIuYXV0aC5iYWNrZW5kcy5Nb2RlbEJhY2tlbmQiLCJfYXV0aF91c2VyX2hhc2giOiJiNDEyZDJlMzg0ZGRhOGZjYmVhNTIwNDQyMzI5MjhlZDM4ZjczZDhjIn0=', '2019-10-10 09:02:12'), ('nbefjlfb4f6j17c9r3kcf3lwf4qeygad', 'NWQyZDA5ZTM0M2E5NTNlODczZjQ1NGFiYmU4MTQ2MjhlODVmZDBkYjp7Il9hdXRoX3VzZXJfaWQiOiI1IiwiX2F1dGhfdXNlcl9iYWNrZW5kIjoiZGphbmdvLmNvbnRyaWIuYXV0aC5iYWNrZW5kcy5Nb2RlbEJhY2tlbmQiLCJfYXV0aF91c2VyX2hhc2giOiJmNjVlOTk2NzA0ZmJmODJmMjlhOTA0YWJkNGYzZmM5M2ViMmEzOGZkIn0=', '2019-10-24 08:52:06'), ('pdyqnh80w67vzuxf7wzs681ow53jpi2z', 'NDBkODcxYzRlNTRlYTFjODVjYzQ2ZGE5MDVjMTE3OWQ1YzZiMWJlNTp7Il9hdXRoX3VzZXJfaWQiOiIzIiwiX2F1dGhfdXNlcl9iYWNrZW5kIjoiZGphbmdvLmNvbnRyaWIuYXV0aC5iYWNrZW5kcy5Nb2RlbEJhY2tlbmQiLCJfYXV0aF91c2VyX2hhc2giOiJiNDEyZDJlMzg0ZGRhOGZjYmVhNTIwNDQyMzI5MjhlZDM4ZjczZDhjIn0=', '2019-10-08 06:46:24'), ('q4jdc43xdyexrtfik82buzq7lh0slqc7', 'NDBkODcxYzRlNTRlYTFjODVjYzQ2ZGE5MDVjMTE3OWQ1YzZiMWJlNTp7Il9hdXRoX3VzZXJfaWQiOiIzIiwiX2F1dGhfdXNlcl9iYWNrZW5kIjoiZGphbmdvLmNvbnRyaWIuYXV0aC5iYWNrZW5kcy5Nb2RlbEJhY2tlbmQiLCJfYXV0aF91c2VyX2hhc2giOiJiNDEyZDJlMzg0ZGRhOGZjYmVhNTIwNDQyMzI5MjhlZDM4ZjczZDhjIn0=', '2019-10-28 09:25:10'), ('q6dkeuanobz908qobfvqqmhrkl3bh6wb', 'NDBkODcxYzRlNTRlYTFjODVjYzQ2ZGE5MDVjMTE3OWQ1YzZiMWJlNTp7Il9hdXRoX3VzZXJfaWQiOiIzIiwiX2F1dGhfdXNlcl9iYWNrZW5kIjoiZGphbmdvLmNvbnRyaWIuYXV0aC5iYWNrZW5kcy5Nb2RlbEJhY2tlbmQiLCJfYXV0aF91c2VyX2hhc2giOiJiNDEyZDJlMzg0ZGRhOGZjYmVhNTIwNDQyMzI5MjhlZDM4ZjczZDhjIn0=', '2019-10-24 12:06:57'), ('qujahe77fny0fk3c71qqv53h9d0m63on', 'MzMwMzI4NmNkMjAwMDhmNjllMDA4M2U1Njc3NjVlMDFhYjJmMmZlYTp7Il9hdXRoX3VzZXJfaWQiOiIxIiwiX2F1dGhfdXNlcl9iYWNrZW5kIjoiZGphbmdvLmNvbnRyaWIuYXV0aC5iYWNrZW5kcy5Nb2RlbEJhY2tlbmQiLCJfYXV0aF91c2VyX2hhc2giOiI5YzdkZWI5MzYzZWMwODJlYmMxMDk2M2FjMzRjOGMxZmJkYTFiYWJlIn0=', '2019-06-13 10:24:53'), ('txruua2nrc75m5mr2o4rpcyi5z4q90dy', 'NDBkODcxYzRlNTRlYTFjODVjYzQ2ZGE5MDVjMTE3OWQ1YzZiMWJlNTp7Il9hdXRoX3VzZXJfaWQiOiIzIiwiX2F1dGhfdXNlcl9iYWNrZW5kIjoiZGphbmdvLmNvbnRyaWIuYXV0aC5iYWNrZW5kcy5Nb2RlbEJhY2tlbmQiLCJfYXV0aF91c2VyX2hhc2giOiJiNDEyZDJlMzg0ZGRhOGZjYmVhNTIwNDQyMzI5MjhlZDM4ZjczZDhjIn0=', '2019-10-28 16:12:49'), ('w1u1la2bnim8ofuzvbii0w30bumd8pbv', 'NWQyZDA5ZTM0M2E5NTNlODczZjQ1NGFiYmU4MTQ2MjhlODVmZDBkYjp7Il9hdXRoX3VzZXJfaWQiOiI1IiwiX2F1dGhfdXNlcl9iYWNrZW5kIjoiZGphbmdvLmNvbnRyaWIuYXV0aC5iYWNrZW5kcy5Nb2RlbEJhY2tlbmQiLCJfYXV0aF91c2VyX2hhc2giOiJmNjVlOTk2NzA0ZmJmODJmMjlhOTA0YWJkNGYzZmM5M2ViMmEzOGZkIn0=', '2019-10-10 10:18:31'), ('wrnxmeb1fginqvp88hmx4wc72dihx9d5', 'NDBkODcxYzRlNTRlYTFjODVjYzQ2ZGE5MDVjMTE3OWQ1YzZiMWJlNTp7Il9hdXRoX3VzZXJfaWQiOiIzIiwiX2F1dGhfdXNlcl9iYWNrZW5kIjoiZGphbmdvLmNvbnRyaWIuYXV0aC5iYWNrZW5kcy5Nb2RlbEJhY2tlbmQiLCJfYXV0aF91c2VyX2hhc2giOiJiNDEyZDJlMzg0ZGRhOGZjYmVhNTIwNDQyMzI5MjhlZDM4ZjczZDhjIn0=', '2019-10-29 08:23:19'), ('y4m5w9et55uh49o80aj3pky9inqi9rxa', 'NDBkODcxYzRlNTRlYTFjODVjYzQ2ZGE5MDVjMTE3OWQ1YzZiMWJlNTp7Il9hdXRoX3VzZXJfaWQiOiIzIiwiX2F1dGhfdXNlcl9iYWNrZW5kIjoiZGphbmdvLmNvbnRyaWIuYXV0aC5iYWNrZW5kcy5Nb2RlbEJhY2tlbmQiLCJfYXV0aF91c2VyX2hhc2giOiJiNDEyZDJlMzg0ZGRhOGZjYmVhNTIwNDQyMzI5MjhlZDM4ZjczZDhjIn0=', '2019-10-21 11:30:57'), ('ydh4j6sph6fzops00a4xaq0c3r7q2ytb', 'ZmQwOTNlNjQ2OTY2YTNiMGNhMWE4NTMwYTIyOGUyY2M1NTAxMDA3MDp7Il9hdXRoX3VzZXJfaWQiOiIzIiwiX2F1dGhfdXNlcl9iYWNrZW5kIjoiZGphbmdvLmNvbnRyaWIuYXV0aC5iYWNrZW5kcy5Nb2RlbEJhY2tlbmQiLCJfYXV0aF91c2VyX2hhc2giOiJhMzZjOWFjNzdjMWY2NDQ0OTk2ZmUxZmI2MWU5MWQ3OWVhODM2N2YyIn0=', '2019-06-19 05:01:44'), ('yv3rrigp7lanrq1rzjj7imef9fiz5v5z', 'NDBkODcxYzRlNTRlYTFjODVjYzQ2ZGE5MDVjMTE3OWQ1YzZiMWJlNTp7Il9hdXRoX3VzZXJfaWQiOiIzIiwiX2F1dGhfdXNlcl9iYWNrZW5kIjoiZGphbmdvLmNvbnRyaWIuYXV0aC5iYWNrZW5kcy5Nb2RlbEJhY2tlbmQiLCJfYXV0aF91c2VyX2hhc2giOiJiNDEyZDJlMzg0ZGRhOGZjYmVhNTIwNDQyMzI5MjhlZDM4ZjczZDhjIn0=', '2019-10-08 07:48:57'), ('zshhi4wmgawnynrbpjbeq5wxkho1vomy', 'NDBkODcxYzRlNTRlYTFjODVjYzQ2ZGE5MDVjMTE3OWQ1YzZiMWJlNTp7Il9hdXRoX3VzZXJfaWQiOiIzIiwiX2F1dGhfdXNlcl9iYWNrZW5kIjoiZGphbmdvLmNvbnRyaWIuYXV0aC5iYWNrZW5kcy5Nb2RlbEJhY2tlbmQiLCJfYXV0aF91c2VyX2hhc2giOiJiNDEyZDJlMzg0ZGRhOGZjYmVhNTIwNDQyMzI5MjhlZDM4ZjczZDhjIn0=', '2019-10-28 15:59:49');
COMMIT;

-- ----------------------------
--  Table structure for `interstorm_vendor_interstormuservendor`
-- ----------------------------
DROP TABLE IF EXISTS `interstorm_vendor_interstormuservendor`;
CREATE TABLE `interstorm_vendor_interstormuservendor` (
  `name` varchar(200) NOT NULL,
  `usercode` varchar(200) NOT NULL,
  `username` varchar(200) NOT NULL,
  `date_start` datetime NOT NULL,
  `date_expire` datetime NOT NULL,
  `created_date` datetime NOT NULL,
  `updated_date` datetime NOT NULL,
  `user_id` int(11) NOT NULL,
  PRIMARY KEY (`username`),
  KEY `interstorm_vendor_in_user_id_cfe0d375_fk_auth_user` (`user_id`),
  CONSTRAINT `interstorm_vendor_in_user_id_cfe0d375_fk_auth_user` FOREIGN KEY (`user_id`) REFERENCES `auth_user` (`id`)
) ENGINE=InnoDB DEFAULT CHARSET=utf8;

-- ----------------------------
--  Records of `interstorm_vendor_interstormuservendor`
-- ----------------------------
BEGIN;
INSERT INTO `interstorm_vendor_interstormuservendor` VALUES ('bioheart', '61YJ4S', 'bioheart', '2019-09-24 08:39:14', '2019-09-24 08:39:14', '2019-09-24 08:39:24', '2019-09-24 08:39:24', '4'), ('itsmanager', 'C26ILU', 'itsmanager', '2019-05-30 11:52:01', '2019-05-30 11:52:01', '2019-05-30 11:52:19', '2019-05-30 11:52:19', '3');
COMMIT;

-- ----------------------------
--  Table structure for `interstorm_wheel_wheelaccess`
-- ----------------------------
DROP TABLE IF EXISTS `interstorm_wheel_wheelaccess`;
CREATE TABLE `interstorm_wheel_wheelaccess` (
  `id` int(11) NOT NULL AUTO_INCREMENT,
  `user_id` varchar(200) NOT NULL,
  `level_1` int(11) NOT NULL,
  `level_2` int(11) NOT NULL,
  `level_3` int(11) NOT NULL,
  `created_date` datetime NOT NULL,
  `vendor_id` int(11) NOT NULL,
  PRIMARY KEY (`id`),
  KEY `interstorm_wheel_wheelaccess_vendor_id_d131d7a3_fk_auth_user_id` (`vendor_id`),
  CONSTRAINT `interstorm_wheel_wheelaccess_vendor_id_d131d7a3_fk_auth_user_id` FOREIGN KEY (`vendor_id`) REFERENCES `auth_user` (`id`)
) ENGINE=InnoDB AUTO_INCREMENT=11 DEFAULT CHARSET=utf8;

-- ----------------------------
--  Records of `interstorm_wheel_wheelaccess`
-- ----------------------------
BEGIN;
INSERT INTO `interstorm_wheel_wheelaccess` VALUES ('1', '3352622', '99', '0', '0', '2019-06-05 03:25:07', '3'), ('2', '8432884', '0', '0', '0', '2019-07-26 12:18:30', '3'), ('3', '6887756', '0', '0', '0', '2019-07-31 08:00:17', '3'), ('4', '6962246', '0', '0', '0', '2019-07-31 08:37:26', '3'), ('5', '7023233', '0', '0', '0', '2019-09-27 13:04:01', '3'), ('6', '7257890', '0', '0', '0', '2019-10-01 11:20:54', '3'), ('7', '8684286', '0', '0', '0', '2019-10-04 10:27:28', '3'), ('8', '8075357', '0', '0', '0', '2019-10-05 14:51:37', '3'), ('9', '8816325', '0', '0', '0', '2019-10-11 08:27:47', '3'), ('10', '8432886', '0', '0', '0', '2019-10-18 10:13:40', '3');
COMMIT;

-- ----------------------------
--  Table structure for `interstorm_wheel_wheelaccesslog`
-- ----------------------------
DROP TABLE IF EXISTS `interstorm_wheel_wheelaccesslog`;
CREATE TABLE `interstorm_wheel_wheelaccesslog` (
  `id` int(11) NOT NULL AUTO_INCREMENT,
  `user_id` varchar(200) NOT NULL,
  `ip` varchar(50) NOT NULL,
  `level_1` int(11) NOT NULL,
  `level_2` int(11) NOT NULL,
  `level_3` int(11) NOT NULL,
  `reason` varchar(200) NOT NULL,
  `created_date` datetime NOT NULL,
  `vendor_id` int(11) NOT NULL,
  PRIMARY KEY (`id`),
  KEY `interstorm_wheel_whe_vendor_id_9acddfb0_fk_auth_user` (`vendor_id`),
  CONSTRAINT `interstorm_wheel_whe_vendor_id_9acddfb0_fk_auth_user` FOREIGN KEY (`vendor_id`) REFERENCES `auth_user` (`id`)
) ENGINE=InnoDB AUTO_INCREMENT=31 DEFAULT CHARSET=utf8;

-- ----------------------------
--  Records of `interstorm_wheel_wheelaccesslog`
-- ----------------------------
BEGIN;
INSERT INTO `interstorm_wheel_wheelaccesslog` VALUES ('1', '6887756', '197.245.232.234', '1', '0', '0', 'deposit 2(8610507823)', '2019-07-31 08:00:17', '3'), ('2', '6887756', '197.245.232.234', '1', '0', '0', 'deposit 2(8610494223)', '2019-07-31 08:00:17', '3'), ('3', '6887756', '197.245.232.234', '1', '0', '0', 'deposit 2(8610483548)', '2019-07-31 08:00:17', '3'), ('4', '6887756', '197.245.232.234', '1', '0', '0', 'deposit 2(8610395730)', '2019-07-31 08:00:17', '3'), ('5', '6887756', '197.245.232.234', '1', '0', '0', 'deposit 2(8610378222)', '2019-07-31 08:00:17', '3'), ('6', '6887756', '197.245.232.234', '1', '0', '0', 'deposit 1(6070232286)', '2019-07-31 08:00:17', '3'), ('7', '6887756', '197.245.232.234', '1', '0', '0', 'deposit 1(6046739582)', '2019-07-31 08:00:17', '3'), ('8', '6887756', '197.245.232.234', '1', '0', '0', 'deposit 1(6046627101)', '2019-07-31 08:00:17', '3'), ('9', '6962246', '5.62.41.173', '1', '0', '0', 'deposit 1(8808523582)', '2019-07-31 08:37:26', '3'), ('10', '6962246', '5.62.41.173', '1', '0', '0', 'deposit 1(8699385949)', '2019-07-31 08:37:26', '3'), ('11', '6962246', '5.62.41.173', '1', '0', '0', 'deposit 1(8698112320)', '2019-07-31 08:37:27', '3'), ('12', '6962246', '5.62.41.173', '1', '0', '0', 'deposit 2(8620229402)', '2019-07-31 08:37:27', '3'), ('13', '6962246', '5.62.41.173', '1', '0', '0', 'deposit 2(8607695044)', '2019-07-31 08:37:27', '3'), ('14', '6962246', '5.62.41.173', '1', '0', '0', 'deposit 1(8151304946)', '2019-07-31 08:37:27', '3'), ('15', '6962246', '5.62.41.173', '1', '0', '0', 'deposit 1(8151300843)', '2019-07-31 08:37:27', '3'), ('16', '6962246', '5.62.41.173', '1', '0', '0', 'deposit 1(6494656182)', '2019-07-31 08:37:27', '3'), ('17', '6962246', '5.62.41.173', '1', '0', '0', 'deposit 1(6494623370)', '2019-07-31 08:37:27', '3'), ('18', '6962246', '5.62.41.173', '1', '0', '0', 'deposit 1(6073483544)', '2019-07-31 08:37:27', '3'), ('19', '6962246', '5.62.41.173', '1', '0', '0', 'deposit 1(6070144595)', '2019-07-31 08:37:27', '3'), ('20', '6962246', '5.62.41.173', '1', '0', '0', 'deposit 1(6068609924)', '2019-07-31 08:37:27', '3'), ('21', '6962246', '5.62.41.173', '1', '0', '0', 'deposit 1(6068604971)', '2019-07-31 08:37:27', '3'), ('22', '6962246', '80.255.7.20', '1', '0', '0', 'deposit 10(9221432580)', '2019-09-26 10:34:27', '3'), ('23', '7023233', '185.22.172.113', '1', '0', '0', 'deposit 10(6637281297)', '2019-09-27 13:04:02', '3'), ('24', '6962246', '5.62.41.125', '1', '0', '0', 'deposit 1(9275668980)', '2019-10-03 09:48:14', '3'), ('25', '8684286', '5.62.41.112', '0', '1', '0', 'deposit 10(9289086899)', '2019-10-04 10:27:28', '3'), ('26', '8075357', '5.62.41.171', '0', '1', '0', 'deposit 2(7966567710)', '2019-10-05 14:51:37', '3'), ('27', '8816325', '83.142.83.28', '1', '0', '0', 'deposit 2(9334031218)', '2019-10-11 08:27:47', '3'), ('28', '8816325', '5.62.41.113', '1', '0', '0', 'deposit 2(9383081639)', '2019-10-18 13:20:09', '3'), ('29', '8816325', '5.62.41.173', '0', '1', '0', 'deposit 2(9404768529)', '2019-10-21 10:29:27', '3'), ('30', '6962246', '5.62.61.145', '1', '0', '0', 'deposit 2(9296619902)', '2019-10-23 09:33:55', '3');
COMMIT;

-- ----------------------------
--  Table structure for `interstorm_wheel_wheelbonuscode`
-- ----------------------------
DROP TABLE IF EXISTS `interstorm_wheel_wheelbonuscode`;
CREATE TABLE `interstorm_wheel_wheelbonuscode` (
  `id` int(11) NOT NULL AUTO_INCREMENT,
  `winning_key` varchar(50) NOT NULL,
  `level` int(11) NOT NULL,
  `bonus_key` varchar(50) NOT NULL,
  `bonus_code` varchar(200) NOT NULL,
  `created_date` datetime NOT NULL,
  `vendor_id` int(11) NOT NULL,
  `bonus_detail` varchar(200) NOT NULL,
  PRIMARY KEY (`id`),
  KEY `interstorm_wheel_whe_vendor_id_7cba4027_fk_auth_user` (`vendor_id`),
  CONSTRAINT `interstorm_wheel_whe_vendor_id_7cba4027_fk_auth_user` FOREIGN KEY (`vendor_id`) REFERENCES `auth_user` (`id`)
) ENGINE=InnoDB AUTO_INCREMENT=9 DEFAULT CHARSET=utf8;

-- ----------------------------
--  Records of `interstorm_wheel_wheelbonuscode`
-- ----------------------------
BEGIN;
INSERT INTO `interstorm_wheel_wheelbonuscode` VALUES ('1', 'coin', '1', 'prize_25', 'WHEELTEST20', '2019-05-22 08:27:04', '3', '20% Bonus on funds deposit'), ('2', 'chip', '1', 'prize_50', 'WHEELTEST25', '2019-05-22 08:27:23', '3', '25% Bonus on funds deposit'), ('3', 'box', '1', 'prize_100', 'WHEELTEST30', '2019-05-22 08:27:46', '3', '30% Bonus on funds deposit'), ('4', 'jackpot', '1', 'bonus', 'WHEELTEST100', '2019-05-22 08:28:46', '3', '100% Bonus on funds deposit'), ('5', 'coin', '2', 'prize_50', 'WHEELTEST20', '2019-05-22 08:29:09', '3', '20% Bonus on funds deposit'), ('6', 'chip', '2', 'prize_75', 'WHEELTEST25', '2019-05-22 08:29:22', '3', '25% Bonus on funds deposit'), ('7', 'box', '2', 'prize_100', 'WHEELTEST30', '2019-05-22 08:29:37', '3', '30% Bonus on funds deposit'), ('8', 'jackpot', '2', 'bonus', 'WHEELTEST100', '2019-05-22 08:29:56', '3', '100% Bonus on funds deposit');
COMMIT;

-- ----------------------------
--  Table structure for `interstorm_wheel_wheelgames`
-- ----------------------------
DROP TABLE IF EXISTS `interstorm_wheel_wheelgames`;
CREATE TABLE `interstorm_wheel_wheelgames` (
  `id` int(11) NOT NULL AUTO_INCREMENT,
  `user_id` varchar(50) NOT NULL,
  `ip` varchar(50) NOT NULL,
  `wheel_type` varchar(20) NOT NULL,
  `win_result` varchar(200) NOT NULL,
  `win_bonus` varchar(200) NOT NULL,
  `win_bonuscode` varchar(200) NOT NULL,
  `created_date` datetime NOT NULL,
  `vendor_id` int(11) NOT NULL,
  PRIMARY KEY (`id`),
  KEY `interstorm_wheel_wheelgames_vendor_id_00d664b1_fk_auth_user_id` (`vendor_id`),
  CONSTRAINT `interstorm_wheel_wheelgames_vendor_id_00d664b1_fk_auth_user_id` FOREIGN KEY (`vendor_id`) REFERENCES `auth_user` (`id`)
) ENGINE=InnoDB AUTO_INCREMENT=18 DEFAULT CHARSET=utf8;

-- ----------------------------
--  Records of `interstorm_wheel_wheelgames`
-- ----------------------------
BEGIN;
INSERT INTO `interstorm_wheel_wheelgames` VALUES ('1', '3352622', '195.206.183.124', '1', 'prize_2', '', 'standard', '2019-06-24 08:17:57', '3'), ('2', '6887756', '197.245.232.234', '1', 'prize_1', '', 'standard', '2019-07-31 08:00:19', '3'), ('3', '6887756', '197.245.232.234', '1', 'prize_2', '', 'standard', '2019-07-31 08:03:07', '3'), ('4', '6887756', '197.245.232.234', '1', 'prize_3', '', 'standard', '2019-07-31 08:09:16', '3'), ('5', '6887756', '197.245.232.234', '1', 'prize_3', '', 'standard', '2019-07-31 08:09:32', '3'), ('6', '6962246', '5.62.41.173', '1', 'prize_2', '', 'standard', '2019-07-31 08:37:40', '3'), ('7', '6962246', '5.62.41.173', '1', 'prize_2', '', 'standard', '2019-07-31 08:41:08', '3'), ('8', '6962246', '5.62.41.147', '1', 'prize_3', '', 'standard', '2019-07-31 09:10:19', '3'), ('9', '6962246', '80.255.7.20', '1', 'prize_1', '', 'WHEELTEST1', '2019-09-26 10:35:06', '3'), ('10', '7023233', '185.22.172.113', '1', 'coin', '', 'WHEELTEST1', '2019-09-27 13:04:37', '3'), ('11', '6962246', '5.62.41.125', '1', 'coin', '', 'WHEELTEST20', '2019-10-03 09:48:34', '3'), ('12', '8684286', '5.62.41.112', '2', 'coin', '', 'WHEELTEST20', '2019-10-04 10:29:01', '3'), ('13', '8075357', '5.62.41.171', '2', 'chip', '', 'WHEELTEST25', '2019-10-05 14:51:53', '3'), ('14', '8816325', '83.142.83.28', '1', 'coin', '', 'WHEELTEST20', '2019-10-11 08:27:57', '3'), ('15', '8816325', '5.62.41.113', '1', 'coin', '', 'WHEELTEST20', '2019-10-18 13:20:23', '3'), ('16', '8816325', '5.62.41.173', '2', 'coin', '', 'WHEELTEST20', '2019-10-21 10:29:46', '3'), ('17', '6962246', '5.62.61.145', '1', 'coin', '', 'WHEELTEST20', '2019-10-23 09:34:10', '3');
COMMIT;

-- ----------------------------
--  Table structure for `interstorm_wheel_wheelimagelevel`
-- ----------------------------
DROP TABLE IF EXISTS `interstorm_wheel_wheelimagelevel`;
CREATE TABLE `interstorm_wheel_wheelimagelevel` (
  `id` int(11) NOT NULL AUTO_INCREMENT,
  `image` varchar(100) DEFAULT NULL,
  `created_date` datetime NOT NULL,
  `vendor_id` int(11) NOT NULL,
  `level` int(11) NOT NULL,
  PRIMARY KEY (`id`),
  UNIQUE KEY `interstorm_wheel_wheelimagelevel_level_vendor_id_83daf19a_uniq` (`level`,`vendor_id`),
  KEY `interstorm_wheel_whe_vendor_id_9f45706c_fk_auth_user` (`vendor_id`),
  CONSTRAINT `interstorm_wheel_whe_vendor_id_9f45706c_fk_auth_user` FOREIGN KEY (`vendor_id`) REFERENCES `auth_user` (`id`)
) ENGINE=InnoDB AUTO_INCREMENT=6 DEFAULT CHARSET=utf8;

-- ----------------------------
--  Records of `interstorm_wheel_wheelimagelevel`
-- ----------------------------
BEGIN;
INSERT INTO `interstorm_wheel_wheelimagelevel` VALUES ('3', 'interstorm/58442549_1645033915599061_6136554804719124480_n_SjZbHRG.jpg', '2019-05-31 07:58:56', '1', '1'), ('4', 'interstorm/sl_wheel_level1_ZTaAZtt.png', '2019-05-31 08:29:00', '3', '1'), ('5', 'interstorm/sl_wheel_level2_VYagZbT.png', '2019-05-31 08:30:44', '3', '2');
COMMIT;

-- ----------------------------
--  Table structure for `interstorm_wheel_wheellevelmanage`
-- ----------------------------
DROP TABLE IF EXISTS `interstorm_wheel_wheellevelmanage`;
CREATE TABLE `interstorm_wheel_wheellevelmanage` (
  `id` int(11) NOT NULL AUTO_INCREMENT,
  `deposit` double NOT NULL,
  `vendor_id` int(11) NOT NULL,
  `level` int(11) NOT NULL,
  PRIMARY KEY (`id`),
  KEY `interstorm_wheel_whe_vendor_id_d97ec15a_fk_auth_user` (`vendor_id`),
  CONSTRAINT `interstorm_wheel_whe_vendor_id_d97ec15a_fk_auth_user` FOREIGN KEY (`vendor_id`) REFERENCES `auth_user` (`id`)
) ENGINE=InnoDB AUTO_INCREMENT=3 DEFAULT CHARSET=utf8;

-- ----------------------------
--  Records of `interstorm_wheel_wheellevelmanage`
-- ----------------------------
BEGIN;
INSERT INTO `interstorm_wheel_wheellevelmanage` VALUES ('1', '5', '3', '1'), ('2', '1000', '3', '2');
COMMIT;

-- ----------------------------
--  Table structure for `interstorm_wheel_wheelpercentage`
-- ----------------------------
DROP TABLE IF EXISTS `interstorm_wheel_wheelpercentage`;
CREATE TABLE `interstorm_wheel_wheelpercentage` (
  `id` int(11) NOT NULL AUTO_INCREMENT,
  `percent_id` varchar(200) NOT NULL,
  `level` int(11) NOT NULL,
  `rewards` varchar(50) NOT NULL,
  `percentage` int(11) NOT NULL,
  `created_date` datetime NOT NULL,
  `vendor_id` int(11) NOT NULL,
  PRIMARY KEY (`id`),
  KEY `interstorm_wheel_whe_vendor_id_aa5aaca5_fk_auth_user` (`vendor_id`),
  CONSTRAINT `interstorm_wheel_whe_vendor_id_aa5aaca5_fk_auth_user` FOREIGN KEY (`vendor_id`) REFERENCES `auth_user` (`id`)
) ENGINE=InnoDB AUTO_INCREMENT=9 DEFAULT CHARSET=utf8;

-- ----------------------------
--  Records of `interstorm_wheel_wheelpercentage`
-- ----------------------------
BEGIN;
INSERT INTO `interstorm_wheel_wheelpercentage` VALUES ('1', '1', '1', 'coin', '50', '2019-05-22 08:31:23', '3'), ('2', '2', '1', 'chip', '30', '2019-05-22 08:31:42', '3'), ('3', '3', '1', 'box', '15', '2019-05-22 08:32:08', '3'), ('4', '4', '1', 'jackpot', '5', '2019-05-22 08:32:25', '3'), ('5', '1', '2', 'coin', '50', '2019-05-22 08:32:40', '3'), ('6', '2', '2', 'chip', '30', '2019-05-22 08:32:59', '3'), ('7', '3', '2', 'box', '15', '2019-05-22 08:33:25', '3'), ('8', '4', '2', 'jackpot', '5', '2019-05-22 08:33:36', '3');
COMMIT;

-- ----------------------------
--  Table structure for `interstorm_wheel_wheeltransaction`
-- ----------------------------
DROP TABLE IF EXISTS `interstorm_wheel_wheeltransaction`;
CREATE TABLE `interstorm_wheel_wheeltransaction` (
  `id` int(11) NOT NULL AUTO_INCREMENT,
  `user_id` varchar(50) NOT NULL,
  `transaction_id` varchar(50) NOT NULL,
  `transaction_date` datetime DEFAULT NULL,
  `amount` int(11) NOT NULL,
  `currency` varchar(50) NOT NULL,
  `casino_name` varchar(200) NOT NULL,
  `created_date` datetime NOT NULL,
  `vendor_id` int(11) NOT NULL,
  PRIMARY KEY (`id`),
  KEY `interstorm_wheel_whe_vendor_id_06a299c9_fk_auth_user` (`vendor_id`),
  CONSTRAINT `interstorm_wheel_whe_vendor_id_06a299c9_fk_auth_user` FOREIGN KEY (`vendor_id`) REFERENCES `auth_user` (`id`)
) ENGINE=InnoDB AUTO_INCREMENT=78 DEFAULT CHARSET=utf8;

-- ----------------------------
--  Records of `interstorm_wheel_wheeltransaction`
-- ----------------------------
BEGIN;
INSERT INTO `interstorm_wheel_wheeltransaction` VALUES ('1', '6887756', '8610507823', '2019-06-24 18:34:28', '2', 'EUR', 'ExternalCashier', '2019-07-31 08:00:17', '3'), ('2', '6887756', '8610494223', '2019-06-24 18:32:28', '2', 'EUR', 'ExternalCashier', '2019-07-31 08:00:17', '3'), ('3', '6887756', '8610483548', '2019-06-24 18:30:59', '2', 'EUR', 'ExternalCashier', '2019-07-31 08:00:17', '3'), ('4', '6887756', '8610395730', '2019-06-24 18:17:39', '2', 'EUR', 'ExternalCashier', '2019-07-31 08:00:17', '3'), ('5', '6887756', '8610378222', '2019-06-24 18:15:07', '2', 'EUR', 'ExternalCashier', '2019-07-31 08:00:17', '3'), ('6', '6887756', '6070232286', '2018-04-23 16:43:42', '1', 'EUR', 'ExternalCashier', '2019-07-31 08:00:17', '3'), ('7', '6887756', '6046739582', '2018-04-19 13:10:42', '1', 'EUR', 'ExternalCashier', '2019-07-31 08:00:17', '3'), ('8', '6887756', '6046627101', '2018-04-19 12:42:39', '1', 'EUR', 'ExternalCashier', '2019-07-31 08:00:17', '3'), ('9', '6962246', '8808523582', '2019-07-26 15:19:32', '1', 'EUR', 'ExternalCashier', '2019-07-31 08:37:26', '3'), ('10', '6962246', '8699385949', '2019-07-08 20:52:56', '1', 'EUR', 'ExternalCashier', '2019-07-31 08:37:26', '3'), ('11', '6962246', '8698112320', '2019-07-08 18:06:37', '1', 'EUR', 'ExternalCashier', '2019-07-31 08:37:27', '3'), ('12', '6962246', '8620229402', '2019-06-26 07:33:21', '2', 'EUR', 'ExternalCashier', '2019-07-31 08:37:27', '3'), ('13', '6962246', '8607695044', '2019-06-24 07:47:29', '2', 'EUR', 'ExternalCashier', '2019-07-31 08:37:27', '3'), ('14', '6962246', '8151304946', '2019-04-11 09:49:04', '1', 'EUR', 'AstroPayCard', '2019-07-31 08:37:27', '3'), ('15', '6962246', '8151300843', '2019-04-11 09:47:52', '1', 'USD', 'AstroPayCard', '2019-07-31 08:37:27', '3'), ('16', '6962246', '6494656182', '2018-07-03 15:22:19', '1', 'EUR', 'ExternalCashier', '2019-07-31 08:37:27', '3'), ('17', '6962246', '6494623370', '2018-07-12 21:03:27', '1', 'EUR', 'ExternalCashier', '2019-07-31 08:37:27', '3'), ('18', '6962246', '6073483544', '2018-04-24 08:09:14', '1', 'EUR', 'ExternalCashier', '2019-07-31 08:37:27', '3'), ('19', '6962246', '6070144595', '2018-04-23 16:27:30', '1', 'EUR', 'ExternalCashier', '2019-07-31 08:37:27', '3'), ('20', '6962246', '6068609924', '2018-04-23 10:39:04', '1', 'EUR', 'ExternalCashier', '2019-07-31 08:37:27', '3'), ('21', '6962246', '6068604971', '2018-04-23 10:37:48', '1', 'EUR', 'ExternalCashier', '2019-07-31 08:37:27', '3'), ('22', '6962246', '9221675902', '2019-09-24 15:05:40', '2', 'EUR', 'CasinoWallet', '2019-09-26 10:34:27', '3'), ('23', '6962246', '9221432580', '2019-09-24 14:23:54', '10', 'EUR', 'CasinoWallet', '2019-09-26 10:34:27', '3'), ('24', '7023233', '8350668642', '2019-05-13 15:42:02', '2', 'EUR', 'CasinoWallet', '2019-09-27 13:04:01', '3'), ('25', '7023233', '8002371518', '2019-03-18 15:25:56', '2', 'EUR', 'CasinoWallet', '2019-09-27 13:04:01', '3'), ('26', '7023233', '7923259888', '2019-03-05 10:03:38', '2', 'EUR', 'CasinoWallet', '2019-09-27 13:04:01', '3'), ('27', '7023233', '7922967994', '2019-03-05 08:40:30', '2', 'EUR', 'CasinoWallet', '2019-09-27 13:04:01', '3'), ('28', '7023233', '6637889642', '2018-07-30 12:56:06', '4', 'EUR', 'CasinoWallet', '2019-09-27 13:04:01', '3'), ('29', '7023233', '6637879938', '2018-07-30 12:52:59', '1', 'EUR', 'CasinoWallet', '2019-09-27 13:04:01', '3'), ('30', '7023233', '6637760886', '2018-07-30 12:21:54', '1', 'EUR', 'CasinoWallet', '2019-09-27 13:04:01', '3'), ('31', '7023233', '6637740627', '2018-07-30 12:18:05', '1', 'EUR', 'CasinoWallet', '2019-09-27 13:04:02', '3'), ('32', '7023233', '6637281297', '2018-07-30 09:58:24', '10', 'EUR', 'CasinoWallet', '2019-09-27 13:04:02', '3'), ('33', '6962246', '9275668980', '2019-10-02 11:35:11', '1', 'EUR', 'CasinoWallet', '2019-10-03 09:48:14', '3'), ('34', '8684286', '9289086899', '2019-10-04 10:27:01', '10', 'EUR', 'CasinoWallet', '2019-10-04 10:27:28', '3'), ('35', '8075357', '9297619413', '2019-10-05 14:51:29', '2', 'EUR', 'CasinoWallet', '2019-10-05 14:51:37', '3'), ('36', '8075357', '9235451135', '2019-09-26 16:11:20', '2', 'EUR', 'CasinoWallet', '2019-10-05 14:51:37', '3'), ('37', '8075357', '8808450783', '2019-07-26 15:06:05', '1', 'EUR', 'CasinoWallet', '2019-10-05 14:51:37', '3'), ('38', '8075357', '8808139576', '2019-07-26 14:05:41', '1', 'EUR', 'CasinoWallet', '2019-10-05 14:51:37', '3'), ('39', '8075357', '8789285645', '2019-07-23 14:42:27', '1', 'EUR', 'CasinoWallet', '2019-10-05 14:51:37', '3'), ('40', '8075357', '8602602112', '2019-06-23 08:23:20', '2', 'EUR', 'CasinoWallet', '2019-10-05 14:51:37', '3'), ('41', '8075357', '8602585185', '2019-06-23 08:16:55', '2', 'EUR', 'CasinoWallet', '2019-10-05 14:51:37', '3'), ('42', '8075357', '8602570924', '2019-06-23 08:11:55', '2', 'EUR', 'CasinoWallet', '2019-10-05 14:51:37', '3'), ('43', '8075357', '8602558328', '2019-06-23 08:07:24', '2', 'EUR', 'CasinoWallet', '2019-10-05 14:51:37', '3'), ('44', '8075357', '8602553894', '2019-06-23 08:05:54', '2', 'EUR', 'CasinoWallet', '2019-10-05 14:51:37', '3'), ('45', '8075357', '8602514989', '2019-06-23 07:52:02', '2', 'EUR', 'CasinoWallet', '2019-10-05 14:51:37', '3'), ('46', '8075357', '8602507798', '2019-06-23 07:49:25', '2', 'EUR', 'CasinoWallet', '2019-10-05 14:51:37', '3'), ('47', '8075357', '8602504858', '2019-06-23 07:48:19', '2', 'EUR', 'CasinoWallet', '2019-10-05 14:51:37', '3'), ('48', '8075357', '8602490054', '2019-06-23 07:42:39', '2', 'EUR', 'CasinoWallet', '2019-10-05 14:51:37', '3'), ('49', '8075357', '8499437123', '2019-06-06 10:02:20', '1', 'EUR', 'CasinoWallet', '2019-10-05 14:51:37', '3'), ('50', '8075357', '8430996745', '2019-05-26 19:45:05', '2', 'EUR', 'CasinoWallet', '2019-10-05 14:51:37', '3'), ('51', '8075357', '8429557270', '2019-05-26 15:20:12', '2', 'EUR', 'CasinoWallet', '2019-10-05 14:51:37', '3'), ('52', '8075357', '8310433536', '2019-05-07 07:56:28', '2', 'EUR', 'CasinoWallet', '2019-10-05 14:51:37', '3'), ('53', '8075357', '8310423763', '2019-05-07 07:53:30', '2', 'EUR', 'CasinoWallet', '2019-10-05 14:51:37', '3'), ('54', '8075357', '8310413734', '2019-05-07 07:50:23', '2', 'EUR', 'CasinoWallet', '2019-10-05 14:51:37', '3'), ('55', '8075357', '8310381461', '2019-05-07 07:40:42', '12', 'EUR', 'CasinoWallet', '2019-10-05 14:51:37', '3'), ('56', '8075357', '8310307994', '2019-05-07 07:18:07', '2', 'EUR', 'CasinoWallet', '2019-10-05 14:51:37', '3'), ('57', '8075357', '8310290175', '2019-05-07 07:11:46', '2', 'EUR', 'CasinoWallet', '2019-10-05 14:51:37', '3'), ('58', '8075357', '8310247040', '2019-05-07 06:57:09', '2', 'EUR', 'CasinoWallet', '2019-10-05 14:51:37', '3'), ('59', '8075357', '8310244228', '2019-05-07 06:56:07', '2', 'EUR', 'CasinoWallet', '2019-10-05 14:51:37', '3'), ('60', '8075357', '8304690695', '2019-05-06 11:06:18', '2', 'EUR', 'CasinoWallet', '2019-10-05 14:51:37', '3'), ('61', '8075357', '8304675170', '2019-05-06 11:02:40', '2', 'EUR', 'CasinoWallet', '2019-10-05 14:51:37', '3'), ('62', '8075357', '8304644991', '2019-05-06 10:55:51', '2', 'EUR', 'CasinoWallet', '2019-10-05 14:51:37', '3'), ('63', '8075357', '8304629305', '2019-05-06 10:52:13', '2', 'EUR', 'CasinoWallet', '2019-10-05 14:51:37', '3'), ('64', '8075357', '8304615156', '2019-05-06 10:48:41', '2', 'EUR', 'CasinoWallet', '2019-10-05 14:51:37', '3'), ('65', '8075357', '8304481148', '2019-05-06 10:14:38', '2', 'EUR', 'CasinoWallet', '2019-10-05 14:51:37', '3'), ('66', '8075357', '8304419316', '2019-05-06 09:57:08', '2', 'EUR', 'CasinoWallet', '2019-10-05 14:51:37', '3'), ('67', '8075357', '7983130247', '2019-03-15 07:28:19', '20', 'EUR', 'CasinoWallet', '2019-10-05 14:51:37', '3'), ('68', '8075357', '7966673770', '2019-03-12 10:42:31', '2', 'EUR', 'CasinoWallet', '2019-10-05 14:51:37', '3'), ('69', '8075357', '7966617750', '2019-03-12 10:26:15', '2', 'EUR', 'CasinoWallet', '2019-10-05 14:51:37', '3'), ('70', '8075357', '7966567710', '2019-03-12 10:12:04', '2', 'EUR', 'CasinoWallet', '2019-10-05 14:51:37', '3'), ('71', '8816325', '9334031218', '2019-10-11 08:26:45', '2', 'EUR', 'CasinoWallet', '2019-10-11 08:27:47', '3'), ('72', '8816325', '9383081639', '2019-10-18 13:19:49', '2', 'EUR', 'CasinoWallet', '2019-10-18 13:20:09', '3'), ('73', '8816325', '9404768529', '2019-10-21 10:29:11', '2', 'EUR', 'CasinoWallet', '2019-10-21 10:29:27', '3'), ('74', '6962246', '9298373840', '2019-10-05 17:05:13', '2', 'EUR', 'CasinoWallet', '2019-10-23 09:33:55', '3'), ('75', '6962246', '9298356984', '2019-10-05 17:02:10', '5', 'EUR', 'CasinoWallet', '2019-10-23 09:33:55', '3'), ('76', '6962246', '9296632282', '2019-10-05 11:30:49', '2', 'EUR', 'CasinoWallet', '2019-10-23 09:33:55', '3'), ('77', '6962246', '9296619902', '2019-10-05 11:28:16', '2', 'EUR', 'CasinoWallet', '2019-10-23 09:33:55', '3');
COMMIT;

-- ----------------------------
--  Table structure for `site_config_siteconfig`
-- ----------------------------
DROP TABLE IF EXISTS `site_config_siteconfig`;
CREATE TABLE `site_config_siteconfig` (
  `id` int(11) NOT NULL AUTO_INCREMENT,
  `url` longtext NOT NULL,
  `domain` longtext NOT NULL,
  `created_date` datetime NOT NULL,
  `vendor_id` int(11) NOT NULL,
  PRIMARY KEY (`id`),
  KEY `site_config_siteconfig_vendor_id_5de21a33_fk_auth_user_id` (`vendor_id`),
  CONSTRAINT `site_config_siteconfig_vendor_id_5de21a33_fk_auth_user_id` FOREIGN KEY (`vendor_id`) REFERENCES `auth_user` (`id`)
) ENGINE=InnoDB AUTO_INCREMENT=3 DEFAULT CHARSET=utf8;

-- ----------------------------
--  Records of `site_config_siteconfig`
-- ----------------------------
BEGIN;
INSERT INTO `site_config_siteconfig` VALUES ('1', 'api-stage.everymatrix.com/v2', 'http://www.exclusiveclubcasino.com', '2019-05-31 09:17:00', '1'), ('2', 'playshangrila-api.everymatrix.com/v2', 'http://www.shangrilalive.com', '2019-05-31 09:53:37', '3');
COMMIT;

-- ----------------------------
--  Table structure for `test_db`
-- ----------------------------
DROP TABLE IF EXISTS `test_db`;
CREATE TABLE `test_db` (
  `id` int(11) NOT NULL AUTO_INCREMENT,
  `name` varchar(255) NOT NULL,
  `detail` longtext NOT NULL,
  `create_by_id` int(11) NOT NULL,
  PRIMARY KEY (`id`),
  KEY `test_db_create_by_id_eafc7ece_fk_auth_user_id` (`create_by_id`),
  CONSTRAINT `test_db_create_by_id_eafc7ece_fk_auth_user_id` FOREIGN KEY (`create_by_id`) REFERENCES `auth_user` (`id`)
) ENGINE=InnoDB DEFAULT CHARSET=utf8;

-- ----------------------------
--  Table structure for `translation_manager_remotetranslationentry`
-- ----------------------------
DROP TABLE IF EXISTS `translation_manager_remotetranslationentry`;
CREATE TABLE `translation_manager_remotetranslationentry` (
  `id` int(11) NOT NULL AUTO_INCREMENT,
  `changed` datetime NOT NULL,
  `translation` longtext NOT NULL,
  `translation_entry_id` int(11) NOT NULL,
  PRIMARY KEY (`id`),
  UNIQUE KEY `translation_entry_id` (`translation_entry_id`),
  CONSTRAINT `translation_manager__translation_entry_id_66a6848d_fk_translati` FOREIGN KEY (`translation_entry_id`) REFERENCES `translation_manager_translationentry` (`id`)
) ENGINE=InnoDB DEFAULT CHARSET=utf8;

-- ----------------------------
--  Table structure for `translation_manager_translationbackup`
-- ----------------------------
DROP TABLE IF EXISTS `translation_manager_translationbackup`;
CREATE TABLE `translation_manager_translationbackup` (
  `id` int(11) NOT NULL AUTO_INCREMENT,
  `created` datetime NOT NULL,
  `changed` datetime NOT NULL,
  `language` varchar(5) NOT NULL,
  `locale_path` varchar(256) NOT NULL,
  `locale_parent_dir` varchar(256) NOT NULL,
  `domain` varchar(256) NOT NULL,
  `content` longtext NOT NULL,
  PRIMARY KEY (`id`),
  KEY `translation_manager_translationbackup_language_432e9686` (`language`),
  KEY `translation_manager_translationbackup_locale_path_074a300b` (`locale_path`(255)),
  KEY `translation_manager_translationbackup_locale_parent_dir_41067be1` (`locale_parent_dir`(255)),
  KEY `translation_manager_translationbackup_domain_3365694c` (`domain`(255))
) ENGINE=InnoDB AUTO_INCREMENT=55 DEFAULT CHARSET=utf8;

-- ----------------------------
--  Records of `translation_manager_translationbackup`
-- ----------------------------
BEGIN;
INSERT INTO `translation_manager_translationbackup` VALUES ('1', '2019-10-10 04:27:00', '2019-10-10 04:27:00', 'en', 'locale', 'app', 'django', '# SOME DESCRIPTIVE TITLE.\n# Copyright (C) YEAR THE PACKAGE\'S COPYRIGHT HOLDER\n# This file is distributed under the same license as the PACKAGE package.\n# FIRST AUTHOR <EMAIL@ADDRESS>, YEAR.\n#\n#, fuzzy\nmsgid \"\"\nmsgstr \"\"\n\"Project-Id-Version: PACKAGE VERSION\n\"\n\"Report-Msgid-Bugs-To: \n\"\n\"POT-Creation-Date: 2019-10-10 04:26+0000\n\"\n\"PO-Revision-Date: YEAR-MO-DA HO:MI+ZONE\n\"\n\"Last-Translator: FULL NAME <EMAIL@ADDRESS>\n\"\n\"Language-Team: LANGUAGE <LL@li.org>\n\"\n\"Language: \n\"\n\"MIME-Version: 1.0\n\"\n\"Content-Type: text/plain; charset=UTF-8\n\"\n\"Content-Transfer-Encoding: 8bit\n\"\n\n#: interstorm_wheel/templates/home.html:69\nmsgid \"TEXT_WAITING_CLAIM_BONUS\"\nmsgstr \"\"\n\n#: interstorm_wheel/templates/home.html:89\n#: interstorm_wheel/templates/home.html:143\nmsgid \"TEXT_HOW_TO_PLAY\"\nmsgstr \"\"\n\n#: interstorm_wheel/templates/home.html:92\n#: interstorm_wheel/templates/home.html:146\nmsgid \"TEXT_STEP_1\"\nmsgstr \"\"\n\n#: interstorm_wheel/templates/home.html:93\n#: interstorm_wheel/templates/home.html:147\nmsgid \"TEXT_STEP_2\"\nmsgstr \"\"\n\n#: interstorm_wheel/templates/home.html:94\n#: interstorm_wheel/templates/home.html:148\nmsgid \"TEXT_STEP_3\"\nmsgstr \"\"\n\n#: interstorm_wheel/templates/home.html:95\n#: interstorm_wheel/templates/home.html:149\nmsgid \"TEXT_STEP_4\"\nmsgstr \"\"\n\n#: interstorm_wheel/templates/home.html:96\n#: interstorm_wheel/templates/home.html:150\nmsgid \"TEXT_STEP_5\"\nmsgstr \"\"\n\n#: interstorm_wheel/templates/home.html:97\n#: interstorm_wheel/templates/home.html:151\nmsgid \"TEXT_STEP_6\"\nmsgstr \"\"\n\n#: interstorm_wheel/templates/home.html:105\n#: interstorm_wheel/templates/home.html:138\nmsgid \"TEXT_SPIN\"\nmsgstr \"\"\n'), ('2', '2019-10-10 04:27:00', '2019-10-10 04:27:00', 'ru', 'locale', 'app', 'django', '# SOME DESCRIPTIVE TITLE.\n# Copyright (C) YEAR THE PACKAGE\'S COPYRIGHT HOLDER\n# This file is distributed under the same license as the PACKAGE package.\n# FIRST AUTHOR <EMAIL@ADDRESS>, YEAR.\n#\n#, fuzzy\nmsgid \"\"\nmsgstr \"\"\n\"Project-Id-Version: PACKAGE VERSION\n\"\n\"Report-Msgid-Bugs-To: \n\"\n\"POT-Creation-Date: 2019-10-10 04:26+0000\n\"\n\"PO-Revision-Date: YEAR-MO-DA HO:MI+ZONE\n\"\n\"Last-Translator: FULL NAME <EMAIL@ADDRESS>\n\"\n\"Language-Team: LANGUAGE <LL@li.org>\n\"\n\"Language: \n\"\n\"MIME-Version: 1.0\n\"\n\"Content-Type: text/plain; charset=UTF-8\n\"\n\"Content-Transfer-Encoding: 8bit\n\"\n\"Plural-Forms: nplurals=4; plural=(n%10==1 && n%100!=11 ? 0 : n%10>=2 && n\"\n\"%10<=4 && (n%100<12 || n%100>14) ? 1 : n%10==0 || (n%10>=5 && n%10<=9) || (n\"\n\"%100>=11 && n%100<=14)? 2 : 3);\n\"\n\n#: interstorm_wheel/templates/home.html:69\nmsgid \"TEXT_WAITING_CLAIM_BONUS\"\nmsgstr \"\"\n\n#: interstorm_wheel/templates/home.html:89\n#: interstorm_wheel/templates/home.html:143\nmsgid \"TEXT_HOW_TO_PLAY\"\nmsgstr \"\"\n\n#: interstorm_wheel/templates/home.html:92\n#: interstorm_wheel/templates/home.html:146\nmsgid \"TEXT_STEP_1\"\nmsgstr \"\"\n\n#: interstorm_wheel/templates/home.html:93\n#: interstorm_wheel/templates/home.html:147\nmsgid \"TEXT_STEP_2\"\nmsgstr \"\"\n\n#: interstorm_wheel/templates/home.html:94\n#: interstorm_wheel/templates/home.html:148\nmsgid \"TEXT_STEP_3\"\nmsgstr \"\"\n\n#: interstorm_wheel/templates/home.html:95\n#: interstorm_wheel/templates/home.html:149\nmsgid \"TEXT_STEP_4\"\nmsgstr \"\"\n\n#: interstorm_wheel/templates/home.html:96\n#: interstorm_wheel/templates/home.html:150\nmsgid \"TEXT_STEP_5\"\nmsgstr \"\"\n\n#: interstorm_wheel/templates/home.html:97\n#: interstorm_wheel/templates/home.html:151\nmsgid \"TEXT_STEP_6\"\nmsgstr \"\"\n\n#: interstorm_wheel/templates/home.html:105\n#: interstorm_wheel/templates/home.html:138\nmsgid \"TEXT_SPIN\"\nmsgstr \"\"\n'), ('3', '2019-10-10 04:27:00', '2019-10-10 04:27:00', 'az', 'locale', 'app', 'django', '# SOME DESCRIPTIVE TITLE.\n# Copyright (C) YEAR THE PACKAGE\'S COPYRIGHT HOLDER\n# This file is distributed under the same license as the PACKAGE package.\n# FIRST AUTHOR <EMAIL@ADDRESS>, YEAR.\n#\n#, fuzzy\nmsgid \"\"\nmsgstr \"\"\n\"Project-Id-Version: PACKAGE VERSION\n\"\n\"Report-Msgid-Bugs-To: \n\"\n\"POT-Creation-Date: 2019-10-10 04:26+0000\n\"\n\"PO-Revision-Date: YEAR-MO-DA HO:MI+ZONE\n\"\n\"Last-Translator: FULL NAME <EMAIL@ADDRESS>\n\"\n\"Language-Team: LANGUAGE <LL@li.org>\n\"\n\"Language: \n\"\n\"MIME-Version: 1.0\n\"\n\"Content-Type: text/plain; charset=UTF-8\n\"\n\"Content-Transfer-Encoding: 8bit\n\"\n\"Plural-Forms: nplurals=2; plural=(n != 1);\n\"\n\n#: interstorm_wheel/templates/home.html:69\nmsgid \"TEXT_WAITING_CLAIM_BONUS\"\nmsgstr \"\"\n\n#: interstorm_wheel/templates/home.html:89\n#: interstorm_wheel/templates/home.html:143\nmsgid \"TEXT_HOW_TO_PLAY\"\nmsgstr \"\"\n\n#: interstorm_wheel/templates/home.html:92\n#: interstorm_wheel/templates/home.html:146\nmsgid \"TEXT_STEP_1\"\nmsgstr \"\"\n\n#: interstorm_wheel/templates/home.html:93\n#: interstorm_wheel/templates/home.html:147\nmsgid \"TEXT_STEP_2\"\nmsgstr \"\"\n\n#: interstorm_wheel/templates/home.html:94\n#: interstorm_wheel/templates/home.html:148\nmsgid \"TEXT_STEP_3\"\nmsgstr \"\"\n\n#: interstorm_wheel/templates/home.html:95\n#: interstorm_wheel/templates/home.html:149\nmsgid \"TEXT_STEP_4\"\nmsgstr \"\"\n\n#: interstorm_wheel/templates/home.html:96\n#: interstorm_wheel/templates/home.html:150\nmsgid \"TEXT_STEP_5\"\nmsgstr \"\"\n\n#: interstorm_wheel/templates/home.html:97\n#: interstorm_wheel/templates/home.html:151\nmsgid \"TEXT_STEP_6\"\nmsgstr \"\"\n\n#: interstorm_wheel/templates/home.html:105\n#: interstorm_wheel/templates/home.html:138\nmsgid \"TEXT_SPIN\"\nmsgstr \"\"\n'), ('4', '2019-10-10 04:27:00', '2019-10-10 04:27:00', 'de', 'locale', 'app', 'django', '# SOME DESCRIPTIVE TITLE.\n# Copyright (C) YEAR THE PACKAGE\'S COPYRIGHT HOLDER\n# This file is distributed under the same license as the PACKAGE package.\n# FIRST AUTHOR <EMAIL@ADDRESS>, YEAR.\n#\n#, fuzzy\nmsgid \"\"\nmsgstr \"\"\n\"Project-Id-Version: PACKAGE VERSION\n\"\n\"Report-Msgid-Bugs-To: \n\"\n\"POT-Creation-Date: 2019-10-10 04:26+0000\n\"\n\"PO-Revision-Date: YEAR-MO-DA HO:MI+ZONE\n\"\n\"Last-Translator: FULL NAME <EMAIL@ADDRESS>\n\"\n\"Language-Team: LANGUAGE <LL@li.org>\n\"\n\"Language: \n\"\n\"MIME-Version: 1.0\n\"\n\"Content-Type: text/plain; charset=UTF-8\n\"\n\"Content-Transfer-Encoding: 8bit\n\"\n\"Plural-Forms: nplurals=2; plural=(n != 1);\n\"\n\n#: interstorm_wheel/templates/home.html:69\nmsgid \"TEXT_WAITING_CLAIM_BONUS\"\nmsgstr \"\"\n\n#: interstorm_wheel/templates/home.html:89\n#: interstorm_wheel/templates/home.html:143\nmsgid \"TEXT_HOW_TO_PLAY\"\nmsgstr \"\"\n\n#: interstorm_wheel/templates/home.html:92\n#: interstorm_wheel/templates/home.html:146\nmsgid \"TEXT_STEP_1\"\nmsgstr \"\"\n\n#: interstorm_wheel/templates/home.html:93\n#: interstorm_wheel/templates/home.html:147\nmsgid \"TEXT_STEP_2\"\nmsgstr \"\"\n\n#: interstorm_wheel/templates/home.html:94\n#: interstorm_wheel/templates/home.html:148\nmsgid \"TEXT_STEP_3\"\nmsgstr \"\"\n\n#: interstorm_wheel/templates/home.html:95\n#: interstorm_wheel/templates/home.html:149\nmsgid \"TEXT_STEP_4\"\nmsgstr \"\"\n\n#: interstorm_wheel/templates/home.html:96\n#: interstorm_wheel/templates/home.html:150\nmsgid \"TEXT_STEP_5\"\nmsgstr \"\"\n\n#: interstorm_wheel/templates/home.html:97\n#: interstorm_wheel/templates/home.html:151\nmsgid \"TEXT_STEP_6\"\nmsgstr \"\"\n\n#: interstorm_wheel/templates/home.html:105\n#: interstorm_wheel/templates/home.html:138\nmsgid \"TEXT_SPIN\"\nmsgstr \"\"\n'), ('5', '2019-10-10 04:27:00', '2019-10-10 04:27:00', 'tr', 'locale', 'app', 'django', '# SOME DESCRIPTIVE TITLE.\n# Copyright (C) YEAR THE PACKAGE\'S COPYRIGHT HOLDER\n# This file is distributed under the same license as the PACKAGE package.\n# FIRST AUTHOR <EMAIL@ADDRESS>, YEAR.\n#\n#, fuzzy\nmsgid \"\"\nmsgstr \"\"\n\"Project-Id-Version: PACKAGE VERSION\n\"\n\"Report-Msgid-Bugs-To: \n\"\n\"POT-Creation-Date: 2019-10-10 04:26+0000\n\"\n\"PO-Revision-Date: YEAR-MO-DA HO:MI+ZONE\n\"\n\"Last-Translator: FULL NAME <EMAIL@ADDRESS>\n\"\n\"Language-Team: LANGUAGE <LL@li.org>\n\"\n\"Language: \n\"\n\"MIME-Version: 1.0\n\"\n\"Content-Type: text/plain; charset=UTF-8\n\"\n\"Content-Transfer-Encoding: 8bit\n\"\n\"Plural-Forms: nplurals=2; plural=(n > 1);\n\"\n\n#: interstorm_wheel/templates/home.html:69\nmsgid \"TEXT_WAITING_CLAIM_BONUS\"\nmsgstr \"\"\n\n#: interstorm_wheel/templates/home.html:89\n#: interstorm_wheel/templates/home.html:143\nmsgid \"TEXT_HOW_TO_PLAY\"\nmsgstr \"\"\n\n#: interstorm_wheel/templates/home.html:92\n#: interstorm_wheel/templates/home.html:146\nmsgid \"TEXT_STEP_1\"\nmsgstr \"\"\n\n#: interstorm_wheel/templates/home.html:93\n#: interstorm_wheel/templates/home.html:147\nmsgid \"TEXT_STEP_2\"\nmsgstr \"\"\n\n#: interstorm_wheel/templates/home.html:94\n#: interstorm_wheel/templates/home.html:148\nmsgid \"TEXT_STEP_3\"\nmsgstr \"\"\n\n#: interstorm_wheel/templates/home.html:95\n#: interstorm_wheel/templates/home.html:149\nmsgid \"TEXT_STEP_4\"\nmsgstr \"\"\n\n#: interstorm_wheel/templates/home.html:96\n#: interstorm_wheel/templates/home.html:150\nmsgid \"TEXT_STEP_5\"\nmsgstr \"\"\n\n#: interstorm_wheel/templates/home.html:97\n#: interstorm_wheel/templates/home.html:151\nmsgid \"TEXT_STEP_6\"\nmsgstr \"\"\n\n#: interstorm_wheel/templates/home.html:105\n#: interstorm_wheel/templates/home.html:138\nmsgid \"TEXT_SPIN\"\nmsgstr \"\"\n'), ('6', '2019-10-10 04:27:00', '2019-10-10 04:27:00', 'fa', 'locale', 'app', 'django', '# SOME DESCRIPTIVE TITLE.\n# Copyright (C) YEAR THE PACKAGE\'S COPYRIGHT HOLDER\n# This file is distributed under the same license as the PACKAGE package.\n# FIRST AUTHOR <EMAIL@ADDRESS>, YEAR.\n#\n#, fuzzy\nmsgid \"\"\nmsgstr \"\"\n\"Project-Id-Version: PACKAGE VERSION\n\"\n\"Report-Msgid-Bugs-To: \n\"\n\"POT-Creation-Date: 2019-10-10 04:26+0000\n\"\n\"PO-Revision-Date: YEAR-MO-DA HO:MI+ZONE\n\"\n\"Last-Translator: FULL NAME <EMAIL@ADDRESS>\n\"\n\"Language-Team: LANGUAGE <LL@li.org>\n\"\n\"Language: \n\"\n\"MIME-Version: 1.0\n\"\n\"Content-Type: text/plain; charset=UTF-8\n\"\n\"Content-Transfer-Encoding: 8bit\n\"\n\"Plural-Forms: nplurals=1; plural=0;\n\"\n\n#: interstorm_wheel/templates/home.html:69\nmsgid \"TEXT_WAITING_CLAIM_BONUS\"\nmsgstr \"\"\n\n#: interstorm_wheel/templates/home.html:89\n#: interstorm_wheel/templates/home.html:143\nmsgid \"TEXT_HOW_TO_PLAY\"\nmsgstr \"\"\n\n#: interstorm_wheel/templates/home.html:92\n#: interstorm_wheel/templates/home.html:146\nmsgid \"TEXT_STEP_1\"\nmsgstr \"\"\n\n#: interstorm_wheel/templates/home.html:93\n#: interstorm_wheel/templates/home.html:147\nmsgid \"TEXT_STEP_2\"\nmsgstr \"\"\n\n#: interstorm_wheel/templates/home.html:94\n#: interstorm_wheel/templates/home.html:148\nmsgid \"TEXT_STEP_3\"\nmsgstr \"\"\n\n#: interstorm_wheel/templates/home.html:95\n#: interstorm_wheel/templates/home.html:149\nmsgid \"TEXT_STEP_4\"\nmsgstr \"\"\n\n#: interstorm_wheel/templates/home.html:96\n#: interstorm_wheel/templates/home.html:150\nmsgid \"TEXT_STEP_5\"\nmsgstr \"\"\n\n#: interstorm_wheel/templates/home.html:97\n#: interstorm_wheel/templates/home.html:151\nmsgid \"TEXT_STEP_6\"\nmsgstr \"\"\n\n#: interstorm_wheel/templates/home.html:105\n#: interstorm_wheel/templates/home.html:138\nmsgid \"TEXT_SPIN\"\nmsgstr \"\"\n'), ('7', '2019-10-10 05:10:42', '2019-10-10 05:10:42', 'en', 'locale', 'app', 'django', '# SOME DESCRIPTIVE TITLE.\n# Copyright (C) YEAR THE PACKAGE\'S COPYRIGHT HOLDER\n# This file is distributed under the same license as the PACKAGE package.\n# FIRST AUTHOR <EMAIL@ADDRESS>, YEAR.\n#\n#, fuzzy\nmsgid \"\"\nmsgstr \"\"\n\"Project-Id-Version: PACKAGE VERSION\n\"\n\"Report-Msgid-Bugs-To: \n\"\n\"POT-Creation-Date: 2019-10-10 04:27+0000\n\"\n\"PO-Revision-Date: YEAR-MO-DA HO:MI+ZONE\n\"\n\"Last-Translator: FULL NAME <EMAIL@ADDRESS>\n\"\n\"Language-Team: LANGUAGE <LL@li.org>\n\"\n\"Language: \n\"\n\"MIME-Version: 1.0\n\"\n\"Content-Type: text/plain; charset=UTF-8\n\"\n\"Content-Transfer-Encoding: 8bit\n\"\n\n#: interstorm/settings.py:152\nmsgid \"English\"\nmsgstr \"\"\n\n#: interstorm/settings.py:153\nmsgid \"Russian\"\nmsgstr \"\"\n\n#: interstorm/settings.py:154\nmsgid \"Azeri\"\nmsgstr \"\"\n\n#: interstorm/settings.py:155\nmsgid \"German\"\nmsgstr \"\"\n\n#: interstorm/settings.py:156\nmsgid \"Turkish\"\nmsgstr \"\"\n\n#: interstorm/settings.py:157\nmsgid \"Farsi\"\nmsgstr \"\"\n\n#: interstorm_wheel/templates/home.html:69\nmsgid \"TEXT_WAITING_CLAIM_BONUS\"\nmsgstr \"\"\n\n#: interstorm_wheel/templates/home.html:89\n#: interstorm_wheel/templates/home.html:143\nmsgid \"TEXT_HOW_TO_PLAY\"\nmsgstr \"\"\n\n#: interstorm_wheel/templates/home.html:92\n#: interstorm_wheel/templates/home.html:146\nmsgid \"TEXT_STEP_1\"\nmsgstr \"\"\n\n#: interstorm_wheel/templates/home.html:93\n#: interstorm_wheel/templates/home.html:147\nmsgid \"TEXT_STEP_2\"\nmsgstr \"\"\n\n#: interstorm_wheel/templates/home.html:94\n#: interstorm_wheel/templates/home.html:148\nmsgid \"TEXT_STEP_3\"\nmsgstr \"\"\n\n#: interstorm_wheel/templates/home.html:95\n#: interstorm_wheel/templates/home.html:149\nmsgid \"TEXT_STEP_4\"\nmsgstr \"\"\n\n#: interstorm_wheel/templates/home.html:96\n#: interstorm_wheel/templates/home.html:150\nmsgid \"TEXT_STEP_5\"\nmsgstr \"\"\n\n#: interstorm_wheel/templates/home.html:97\n#: interstorm_wheel/templates/home.html:151\nmsgid \"TEXT_STEP_6\"\nmsgstr \"\"\n\n#: interstorm_wheel/templates/home.html:105\n#: interstorm_wheel/templates/home.html:138\nmsgid \"TEXT_SPIN\"\nmsgstr \"\"\n\n#: templates/admin/translation_manager/change_list.html:8\nmsgid \"admin-translation_manager-compile_translations\"\nmsgstr \"\"\n\n#: templates/admin/translation_manager/change_list.html:15\n#: templates/admin/translation_manager/change_list.html:92\nmsgid \"admin-translation_manager-make_translations\"\nmsgstr \"\"\n\n#: templates/admin/translation_manager/change_list.html:23\nmsgid \"admin-translation_manager-load-from-po\"\nmsgstr \"\"\n\n#: templates/admin/translation_manager/change_list.html:31\nmsgid \"admin-translation_manager-sync_with_remote_url\"\nmsgstr \"\"\n\n#: templates/admin/translation_manager/change_list.html:46\n#: templates/admin/translation_manager/change_list.html:70\nmsgid \"admin-translation_manager-makemessages-running\"\nmsgstr \"\"\n'), ('8', '2019-10-10 05:10:42', '2019-10-10 05:10:42', 'en', 'locale', 'app', 'djangojs', '# SOME DESCRIPTIVE TITLE.\n# Copyright (C) YEAR THE PACKAGE\'S COPYRIGHT HOLDER\n# This file is distributed under the same license as the PACKAGE package.\n# FIRST AUTHOR <EMAIL@ADDRESS>, YEAR.\n#\n#, fuzzy\nmsgid \"\"\nmsgstr \"\"\n\"Project-Id-Version: PACKAGE VERSION\n\"\n\"Report-Msgid-Bugs-To: \n\"\n\"POT-Creation-Date: 2019-10-10 04:27+0000\n\"\n\"PO-Revision-Date: YEAR-MO-DA HO:MI+ZONE\n\"\n\"Last-Translator: FULL NAME <EMAIL@ADDRESS>\n\"\n\"Language-Team: LANGUAGE <LL@li.org>\n\"\n\"Language: \n\"\n\"MIME-Version: 1.0\n\"\n\"Content-Type: text/plain; charset=UTF-8\n\"\n\"Content-Transfer-Encoding: 8bit\n\"\n\n#: static/js/utilities.js:67\nmsgid \"Please try again\"\nmsgstr \"\"\n\n#: static/js/wheel.js:322\nmsgid \"TEXT_JS_NOT_LOGGED_IN\"\nmsgstr \"\"\n'), ('9', '2019-10-10 05:10:42', '2019-10-10 05:10:42', 'ru', 'locale', 'app', 'django', '# SOME DESCRIPTIVE TITLE.\n# Copyright (C) YEAR THE PACKAGE\'S COPYRIGHT HOLDER\n# This file is distributed under the same license as the PACKAGE package.\n# FIRST AUTHOR <EMAIL@ADDRESS>, YEAR.\n#\n#, fuzzy\nmsgid \"\"\nmsgstr \"\"\n\"Project-Id-Version: PACKAGE VERSION\n\"\n\"Report-Msgid-Bugs-To: \n\"\n\"POT-Creation-Date: 2019-10-10 04:27+0000\n\"\n\"PO-Revision-Date: YEAR-MO-DA HO:MI+ZONE\n\"\n\"Last-Translator: FULL NAME <EMAIL@ADDRESS>\n\"\n\"Language-Team: LANGUAGE <LL@li.org>\n\"\n\"Language: \n\"\n\"MIME-Version: 1.0\n\"\n\"Content-Type: text/plain; charset=UTF-8\n\"\n\"Content-Transfer-Encoding: 8bit\n\"\n\"Plural-Forms: nplurals=4; plural=(n%10==1 && n%100!=11 ? 0 : n%10>=2 && n\"\n\"%10<=4 && (n%100<12 || n%100>14) ? 1 : n%10==0 || (n%10>=5 && n%10<=9) || (n\"\n\"%100>=11 && n%100<=14)? 2 : 3);\n\"\n\n#: interstorm/settings.py:152\nmsgid \"English\"\nmsgstr \"\"\n\n#: interstorm/settings.py:153\nmsgid \"Russian\"\nmsgstr \"\"\n\n#: interstorm/settings.py:154\nmsgid \"Azeri\"\nmsgstr \"\"\n\n#: interstorm/settings.py:155\nmsgid \"German\"\nmsgstr \"\"\n\n#: interstorm/settings.py:156\nmsgid \"Turkish\"\nmsgstr \"\"\n\n#: interstorm/settings.py:157\nmsgid \"Farsi\"\nmsgstr \"\"\n\n#: interstorm_wheel/templates/home.html:69\nmsgid \"TEXT_WAITING_CLAIM_BONUS\"\nmsgstr \"\"\n\n#: interstorm_wheel/templates/home.html:89\n#: interstorm_wheel/templates/home.html:143\nmsgid \"TEXT_HOW_TO_PLAY\"\nmsgstr \"\"\n\n#: interstorm_wheel/templates/home.html:92\n#: interstorm_wheel/templates/home.html:146\nmsgid \"TEXT_STEP_1\"\nmsgstr \"\"\n\n#: interstorm_wheel/templates/home.html:93\n#: interstorm_wheel/templates/home.html:147\nmsgid \"TEXT_STEP_2\"\nmsgstr \"\"\n\n#: interstorm_wheel/templates/home.html:94\n#: interstorm_wheel/templates/home.html:148\nmsgid \"TEXT_STEP_3\"\nmsgstr \"\"\n\n#: interstorm_wheel/templates/home.html:95\n#: interstorm_wheel/templates/home.html:149\nmsgid \"TEXT_STEP_4\"\nmsgstr \"\"\n\n#: interstorm_wheel/templates/home.html:96\n#: interstorm_wheel/templates/home.html:150\nmsgid \"TEXT_STEP_5\"\nmsgstr \"\"\n\n#: interstorm_wheel/templates/home.html:97\n#: interstorm_wheel/templates/home.html:151\nmsgid \"TEXT_STEP_6\"\nmsgstr \"\"\n\n#: interstorm_wheel/templates/home.html:105\n#: interstorm_wheel/templates/home.html:138\nmsgid \"TEXT_SPIN\"\nmsgstr \"\"\n\n#: templates/admin/translation_manager/change_list.html:8\nmsgid \"admin-translation_manager-compile_translations\"\nmsgstr \"\"\n\n#: templates/admin/translation_manager/change_list.html:15\n#: templates/admin/translation_manager/change_list.html:92\nmsgid \"admin-translation_manager-make_translations\"\nmsgstr \"\"\n\n#: templates/admin/translation_manager/change_list.html:23\nmsgid \"admin-translation_manager-load-from-po\"\nmsgstr \"\"\n\n#: templates/admin/translation_manager/change_list.html:31\nmsgid \"admin-translation_manager-sync_with_remote_url\"\nmsgstr \"\"\n\n#: templates/admin/translation_manager/change_list.html:46\n#: templates/admin/translation_manager/change_list.html:70\nmsgid \"admin-translation_manager-makemessages-running\"\nmsgstr \"\"\n'), ('10', '2019-10-10 05:10:42', '2019-10-10 05:10:42', 'ru', 'locale', 'app', 'djangojs', '# SOME DESCRIPTIVE TITLE.\n# Copyright (C) YEAR THE PACKAGE\'S COPYRIGHT HOLDER\n# This file is distributed under the same license as the PACKAGE package.\n# FIRST AUTHOR <EMAIL@ADDRESS>, YEAR.\n#\n#, fuzzy\nmsgid \"\"\nmsgstr \"\"\n\"Project-Id-Version: PACKAGE VERSION\n\"\n\"Report-Msgid-Bugs-To: \n\"\n\"POT-Creation-Date: 2019-10-10 04:27+0000\n\"\n\"PO-Revision-Date: YEAR-MO-DA HO:MI+ZONE\n\"\n\"Last-Translator: FULL NAME <EMAIL@ADDRESS>\n\"\n\"Language-Team: LANGUAGE <LL@li.org>\n\"\n\"Language: \n\"\n\"MIME-Version: 1.0\n\"\n\"Content-Type: text/plain; charset=UTF-8\n\"\n\"Content-Transfer-Encoding: 8bit\n\"\n\"Plural-Forms: nplurals=4; plural=(n%10==1 && n%100!=11 ? 0 : n%10>=2 && n\"\n\"%10<=4 && (n%100<12 || n%100>14) ? 1 : n%10==0 || (n%10>=5 && n%10<=9) || (n\"\n\"%100>=11 && n%100<=14)? 2 : 3);\n\"\n\n#: static/js/utilities.js:67\nmsgid \"Please try again\"\nmsgstr \"\"\n\n#: static/js/wheel.js:322\nmsgid \"TEXT_JS_NOT_LOGGED_IN\"\nmsgstr \"\"\n'), ('11', '2019-10-10 05:10:42', '2019-10-10 05:10:42', 'az', 'locale', 'app', 'django', '# SOME DESCRIPTIVE TITLE.\n# Copyright (C) YEAR THE PACKAGE\'S COPYRIGHT HOLDER\n# This file is distributed under the same license as the PACKAGE package.\n# FIRST AUTHOR <EMAIL@ADDRESS>, YEAR.\n#\n#, fuzzy\nmsgid \"\"\nmsgstr \"\"\n\"Project-Id-Version: PACKAGE VERSION\n\"\n\"Report-Msgid-Bugs-To: \n\"\n\"POT-Creation-Date: 2019-10-10 04:27+0000\n\"\n\"PO-Revision-Date: YEAR-MO-DA HO:MI+ZONE\n\"\n\"Last-Translator: FULL NAME <EMAIL@ADDRESS>\n\"\n\"Language-Team: LANGUAGE <LL@li.org>\n\"\n\"Language: \n\"\n\"MIME-Version: 1.0\n\"\n\"Content-Type: text/plain; charset=UTF-8\n\"\n\"Content-Transfer-Encoding: 8bit\n\"\n\"Plural-Forms: nplurals=2; plural=(n != 1);\n\"\n\n#: interstorm/settings.py:152\nmsgid \"English\"\nmsgstr \"\"\n\n#: interstorm/settings.py:153\nmsgid \"Russian\"\nmsgstr \"\"\n\n#: interstorm/settings.py:154\nmsgid \"Azeri\"\nmsgstr \"\"\n\n#: interstorm/settings.py:155\nmsgid \"German\"\nmsgstr \"\"\n\n#: interstorm/settings.py:156\nmsgid \"Turkish\"\nmsgstr \"\"\n\n#: interstorm/settings.py:157\nmsgid \"Farsi\"\nmsgstr \"\"\n\n#: interstorm_wheel/templates/home.html:69\nmsgid \"TEXT_WAITING_CLAIM_BONUS\"\nmsgstr \"\"\n\n#: interstorm_wheel/templates/home.html:89\n#: interstorm_wheel/templates/home.html:143\nmsgid \"TEXT_HOW_TO_PLAY\"\nmsgstr \"\"\n\n#: interstorm_wheel/templates/home.html:92\n#: interstorm_wheel/templates/home.html:146\nmsgid \"TEXT_STEP_1\"\nmsgstr \"\"\n\n#: interstorm_wheel/templates/home.html:93\n#: interstorm_wheel/templates/home.html:147\nmsgid \"TEXT_STEP_2\"\nmsgstr \"\"\n\n#: interstorm_wheel/templates/home.html:94\n#: interstorm_wheel/templates/home.html:148\nmsgid \"TEXT_STEP_3\"\nmsgstr \"\"\n\n#: interstorm_wheel/templates/home.html:95\n#: interstorm_wheel/templates/home.html:149\nmsgid \"TEXT_STEP_4\"\nmsgstr \"\"\n\n#: interstorm_wheel/templates/home.html:96\n#: interstorm_wheel/templates/home.html:150\nmsgid \"TEXT_STEP_5\"\nmsgstr \"\"\n\n#: interstorm_wheel/templates/home.html:97\n#: interstorm_wheel/templates/home.html:151\nmsgid \"TEXT_STEP_6\"\nmsgstr \"\"\n\n#: interstorm_wheel/templates/home.html:105\n#: interstorm_wheel/templates/home.html:138\nmsgid \"TEXT_SPIN\"\nmsgstr \"\"\n\n#: templates/admin/translation_manager/change_list.html:8\nmsgid \"admin-translation_manager-compile_translations\"\nmsgstr \"\"\n\n#: templates/admin/translation_manager/change_list.html:15\n#: templates/admin/translation_manager/change_list.html:92\nmsgid \"admin-translation_manager-make_translations\"\nmsgstr \"\"\n\n#: templates/admin/translation_manager/change_list.html:23\nmsgid \"admin-translation_manager-load-from-po\"\nmsgstr \"\"\n\n#: templates/admin/translation_manager/change_list.html:31\nmsgid \"admin-translation_manager-sync_with_remote_url\"\nmsgstr \"\"\n\n#: templates/admin/translation_manager/change_list.html:46\n#: templates/admin/translation_manager/change_list.html:70\nmsgid \"admin-translation_manager-makemessages-running\"\nmsgstr \"\"\n'), ('12', '2019-10-10 05:10:42', '2019-10-10 05:10:42', 'az', 'locale', 'app', 'djangojs', '# SOME DESCRIPTIVE TITLE.\n# Copyright (C) YEAR THE PACKAGE\'S COPYRIGHT HOLDER\n# This file is distributed under the same license as the PACKAGE package.\n# FIRST AUTHOR <EMAIL@ADDRESS>, YEAR.\n#\n#, fuzzy\nmsgid \"\"\nmsgstr \"\"\n\"Project-Id-Version: PACKAGE VERSION\n\"\n\"Report-Msgid-Bugs-To: \n\"\n\"POT-Creation-Date: 2019-10-10 04:27+0000\n\"\n\"PO-Revision-Date: YEAR-MO-DA HO:MI+ZONE\n\"\n\"Last-Translator: FULL NAME <EMAIL@ADDRESS>\n\"\n\"Language-Team: LANGUAGE <LL@li.org>\n\"\n\"Language: \n\"\n\"MIME-Version: 1.0\n\"\n\"Content-Type: text/plain; charset=UTF-8\n\"\n\"Content-Transfer-Encoding: 8bit\n\"\n\"Plural-Forms: nplurals=2; plural=(n != 1);\n\"\n\n#: static/js/utilities.js:67\nmsgid \"Please try again\"\nmsgstr \"\"\n\n#: static/js/wheel.js:322\nmsgid \"TEXT_JS_NOT_LOGGED_IN\"\nmsgstr \"\"\n'), ('13', '2019-10-10 05:10:42', '2019-10-10 05:10:42', 'de', 'locale', 'app', 'django', '# SOME DESCRIPTIVE TITLE.\n# Copyright (C) YEAR THE PACKAGE\'S COPYRIGHT HOLDER\n# This file is distributed under the same license as the PACKAGE package.\n# FIRST AUTHOR <EMAIL@ADDRESS>, YEAR.\n#\n#, fuzzy\nmsgid \"\"\nmsgstr \"\"\n\"Project-Id-Version: PACKAGE VERSION\n\"\n\"Report-Msgid-Bugs-To: \n\"\n\"POT-Creation-Date: 2019-10-10 04:27+0000\n\"\n\"PO-Revision-Date: YEAR-MO-DA HO:MI+ZONE\n\"\n\"Last-Translator: FULL NAME <EMAIL@ADDRESS>\n\"\n\"Language-Team: LANGUAGE <LL@li.org>\n\"\n\"Language: \n\"\n\"MIME-Version: 1.0\n\"\n\"Content-Type: text/plain; charset=UTF-8\n\"\n\"Content-Transfer-Encoding: 8bit\n\"\n\"Plural-Forms: nplurals=2; plural=(n != 1);\n\"\n\n#: interstorm/settings.py:152\nmsgid \"English\"\nmsgstr \"\"\n\n#: interstorm/settings.py:153\nmsgid \"Russian\"\nmsgstr \"\"\n\n#: interstorm/settings.py:154\nmsgid \"Azeri\"\nmsgstr \"\"\n\n#: interstorm/settings.py:155\nmsgid \"German\"\nmsgstr \"\"\n\n#: interstorm/settings.py:156\nmsgid \"Turkish\"\nmsgstr \"\"\n\n#: interstorm/settings.py:157\nmsgid \"Farsi\"\nmsgstr \"\"\n\n#: interstorm_wheel/templates/home.html:69\nmsgid \"TEXT_WAITING_CLAIM_BONUS\"\nmsgstr \"\"\n\n#: interstorm_wheel/templates/home.html:89\n#: interstorm_wheel/templates/home.html:143\nmsgid \"TEXT_HOW_TO_PLAY\"\nmsgstr \"\"\n\n#: interstorm_wheel/templates/home.html:92\n#: interstorm_wheel/templates/home.html:146\nmsgid \"TEXT_STEP_1\"\nmsgstr \"\"\n\n#: interstorm_wheel/templates/home.html:93\n#: interstorm_wheel/templates/home.html:147\nmsgid \"TEXT_STEP_2\"\nmsgstr \"\"\n\n#: interstorm_wheel/templates/home.html:94\n#: interstorm_wheel/templates/home.html:148\nmsgid \"TEXT_STEP_3\"\nmsgstr \"\"\n\n#: interstorm_wheel/templates/home.html:95\n#: interstorm_wheel/templates/home.html:149\nmsgid \"TEXT_STEP_4\"\nmsgstr \"\"\n\n#: interstorm_wheel/templates/home.html:96\n#: interstorm_wheel/templates/home.html:150\nmsgid \"TEXT_STEP_5\"\nmsgstr \"\"\n\n#: interstorm_wheel/templates/home.html:97\n#: interstorm_wheel/templates/home.html:151\nmsgid \"TEXT_STEP_6\"\nmsgstr \"\"\n\n#: interstorm_wheel/templates/home.html:105\n#: interstorm_wheel/templates/home.html:138\nmsgid \"TEXT_SPIN\"\nmsgstr \"\"\n\n#: templates/admin/translation_manager/change_list.html:8\nmsgid \"admin-translation_manager-compile_translations\"\nmsgstr \"\"\n\n#: templates/admin/translation_manager/change_list.html:15\n#: templates/admin/translation_manager/change_list.html:92\nmsgid \"admin-translation_manager-make_translations\"\nmsgstr \"\"\n\n#: templates/admin/translation_manager/change_list.html:23\nmsgid \"admin-translation_manager-load-from-po\"\nmsgstr \"\"\n\n#: templates/admin/translation_manager/change_list.html:31\nmsgid \"admin-translation_manager-sync_with_remote_url\"\nmsgstr \"\"\n\n#: templates/admin/translation_manager/change_list.html:46\n#: templates/admin/translation_manager/change_list.html:70\nmsgid \"admin-translation_manager-makemessages-running\"\nmsgstr \"\"\n'), ('14', '2019-10-10 05:10:42', '2019-10-10 05:10:42', 'de', 'locale', 'app', 'djangojs', '# SOME DESCRIPTIVE TITLE.\n# Copyright (C) YEAR THE PACKAGE\'S COPYRIGHT HOLDER\n# This file is distributed under the same license as the PACKAGE package.\n# FIRST AUTHOR <EMAIL@ADDRESS>, YEAR.\n#\n#, fuzzy\nmsgid \"\"\nmsgstr \"\"\n\"Project-Id-Version: PACKAGE VERSION\n\"\n\"Report-Msgid-Bugs-To: \n\"\n\"POT-Creation-Date: 2019-10-10 04:27+0000\n\"\n\"PO-Revision-Date: YEAR-MO-DA HO:MI+ZONE\n\"\n\"Last-Translator: FULL NAME <EMAIL@ADDRESS>\n\"\n\"Language-Team: LANGUAGE <LL@li.org>\n\"\n\"Language: \n\"\n\"MIME-Version: 1.0\n\"\n\"Content-Type: text/plain; charset=UTF-8\n\"\n\"Content-Transfer-Encoding: 8bit\n\"\n\"Plural-Forms: nplurals=2; plural=(n != 1);\n\"\n\n#: static/js/utilities.js:67\nmsgid \"Please try again\"\nmsgstr \"\"\n\n#: static/js/wheel.js:322\nmsgid \"TEXT_JS_NOT_LOGGED_IN\"\nmsgstr \"\"\n'), ('15', '2019-10-10 05:10:42', '2019-10-10 05:10:42', 'tr', 'locale', 'app', 'django', '# SOME DESCRIPTIVE TITLE.\n# Copyright (C) YEAR THE PACKAGE\'S COPYRIGHT HOLDER\n# This file is distributed under the same license as the PACKAGE package.\n# FIRST AUTHOR <EMAIL@ADDRESS>, YEAR.\n#\n#, fuzzy\nmsgid \"\"\nmsgstr \"\"\n\"Project-Id-Version: PACKAGE VERSION\n\"\n\"Report-Msgid-Bugs-To: \n\"\n\"POT-Creation-Date: 2019-10-10 04:27+0000\n\"\n\"PO-Revision-Date: YEAR-MO-DA HO:MI+ZONE\n\"\n\"Last-Translator: FULL NAME <EMAIL@ADDRESS>\n\"\n\"Language-Team: LANGUAGE <LL@li.org>\n\"\n\"Language: \n\"\n\"MIME-Version: 1.0\n\"\n\"Content-Type: text/plain; charset=UTF-8\n\"\n\"Content-Transfer-Encoding: 8bit\n\"\n\"Plural-Forms: nplurals=2; plural=(n > 1);\n\"\n\n#: interstorm/settings.py:152\nmsgid \"English\"\nmsgstr \"\"\n\n#: interstorm/settings.py:153\nmsgid \"Russian\"\nmsgstr \"\"\n\n#: interstorm/settings.py:154\nmsgid \"Azeri\"\nmsgstr \"\"\n\n#: interstorm/settings.py:155\nmsgid \"German\"\nmsgstr \"\"\n\n#: interstorm/settings.py:156\nmsgid \"Turkish\"\nmsgstr \"\"\n\n#: interstorm/settings.py:157\nmsgid \"Farsi\"\nmsgstr \"\"\n\n#: interstorm_wheel/templates/home.html:69\nmsgid \"TEXT_WAITING_CLAIM_BONUS\"\nmsgstr \"\"\n\n#: interstorm_wheel/templates/home.html:89\n#: interstorm_wheel/templates/home.html:143\nmsgid \"TEXT_HOW_TO_PLAY\"\nmsgstr \"\"\n\n#: interstorm_wheel/templates/home.html:92\n#: interstorm_wheel/templates/home.html:146\nmsgid \"TEXT_STEP_1\"\nmsgstr \"\"\n\n#: interstorm_wheel/templates/home.html:93\n#: interstorm_wheel/templates/home.html:147\nmsgid \"TEXT_STEP_2\"\nmsgstr \"\"\n\n#: interstorm_wheel/templates/home.html:94\n#: interstorm_wheel/templates/home.html:148\nmsgid \"TEXT_STEP_3\"\nmsgstr \"\"\n\n#: interstorm_wheel/templates/home.html:95\n#: interstorm_wheel/templates/home.html:149\nmsgid \"TEXT_STEP_4\"\nmsgstr \"\"\n\n#: interstorm_wheel/templates/home.html:96\n#: interstorm_wheel/templates/home.html:150\nmsgid \"TEXT_STEP_5\"\nmsgstr \"\"\n\n#: interstorm_wheel/templates/home.html:97\n#: interstorm_wheel/templates/home.html:151\nmsgid \"TEXT_STEP_6\"\nmsgstr \"\"\n\n#: interstorm_wheel/templates/home.html:105\n#: interstorm_wheel/templates/home.html:138\nmsgid \"TEXT_SPIN\"\nmsgstr \"\"\n\n#: templates/admin/translation_manager/change_list.html:8\nmsgid \"admin-translation_manager-compile_translations\"\nmsgstr \"\"\n\n#: templates/admin/translation_manager/change_list.html:15\n#: templates/admin/translation_manager/change_list.html:92\nmsgid \"admin-translation_manager-make_translations\"\nmsgstr \"\"\n\n#: templates/admin/translation_manager/change_list.html:23\nmsgid \"admin-translation_manager-load-from-po\"\nmsgstr \"\"\n\n#: templates/admin/translation_manager/change_list.html:31\nmsgid \"admin-translation_manager-sync_with_remote_url\"\nmsgstr \"\"\n\n#: templates/admin/translation_manager/change_list.html:46\n#: templates/admin/translation_manager/change_list.html:70\nmsgid \"admin-translation_manager-makemessages-running\"\nmsgstr \"\"\n'), ('16', '2019-10-10 05:10:42', '2019-10-10 05:10:42', 'tr', 'locale', 'app', 'djangojs', '# SOME DESCRIPTIVE TITLE.\n# Copyright (C) YEAR THE PACKAGE\'S COPYRIGHT HOLDER\n# This file is distributed under the same license as the PACKAGE package.\n# FIRST AUTHOR <EMAIL@ADDRESS>, YEAR.\n#\n#, fuzzy\nmsgid \"\"\nmsgstr \"\"\n\"Project-Id-Version: PACKAGE VERSION\n\"\n\"Report-Msgid-Bugs-To: \n\"\n\"POT-Creation-Date: 2019-10-10 04:27+0000\n\"\n\"PO-Revision-Date: YEAR-MO-DA HO:MI+ZONE\n\"\n\"Last-Translator: FULL NAME <EMAIL@ADDRESS>\n\"\n\"Language-Team: LANGUAGE <LL@li.org>\n\"\n\"Language: \n\"\n\"MIME-Version: 1.0\n\"\n\"Content-Type: text/plain; charset=UTF-8\n\"\n\"Content-Transfer-Encoding: 8bit\n\"\n\"Plural-Forms: nplurals=2; plural=(n > 1);\n\"\n\n#: static/js/utilities.js:67\nmsgid \"Please try again\"\nmsgstr \"\"\n\n#: static/js/wheel.js:322\nmsgid \"TEXT_JS_NOT_LOGGED_IN\"\nmsgstr \"\"\n'), ('17', '2019-10-10 05:10:42', '2019-10-10 05:10:42', 'fa', 'locale', 'app', 'django', '# SOME DESCRIPTIVE TITLE.\n# Copyright (C) YEAR THE PACKAGE\'S COPYRIGHT HOLDER\n# This file is distributed under the same license as the PACKAGE package.\n# FIRST AUTHOR <EMAIL@ADDRESS>, YEAR.\n#\n#, fuzzy\nmsgid \"\"\nmsgstr \"\"\n\"Project-Id-Version: PACKAGE VERSION\n\"\n\"Report-Msgid-Bugs-To: \n\"\n\"POT-Creation-Date: 2019-10-10 04:27+0000\n\"\n\"PO-Revision-Date: YEAR-MO-DA HO:MI+ZONE\n\"\n\"Last-Translator: FULL NAME <EMAIL@ADDRESS>\n\"\n\"Language-Team: LANGUAGE <LL@li.org>\n\"\n\"Language: \n\"\n\"MIME-Version: 1.0\n\"\n\"Content-Type: text/plain; charset=UTF-8\n\"\n\"Content-Transfer-Encoding: 8bit\n\"\n\"Plural-Forms: nplurals=1; plural=0;\n\"\n\n#: interstorm/settings.py:152\nmsgid \"English\"\nmsgstr \"\"\n\n#: interstorm/settings.py:153\nmsgid \"Russian\"\nmsgstr \"\"\n\n#: interstorm/settings.py:154\nmsgid \"Azeri\"\nmsgstr \"\"\n\n#: interstorm/settings.py:155\nmsgid \"German\"\nmsgstr \"\"\n\n#: interstorm/settings.py:156\nmsgid \"Turkish\"\nmsgstr \"\"\n\n#: interstorm/settings.py:157\nmsgid \"Farsi\"\nmsgstr \"\"\n\n#: interstorm_wheel/templates/home.html:69\nmsgid \"TEXT_WAITING_CLAIM_BONUS\"\nmsgstr \"\"\n\n#: interstorm_wheel/templates/home.html:89\n#: interstorm_wheel/templates/home.html:143\nmsgid \"TEXT_HOW_TO_PLAY\"\nmsgstr \"\"\n\n#: interstorm_wheel/templates/home.html:92\n#: interstorm_wheel/templates/home.html:146\nmsgid \"TEXT_STEP_1\"\nmsgstr \"\"\n\n#: interstorm_wheel/templates/home.html:93\n#: interstorm_wheel/templates/home.html:147\nmsgid \"TEXT_STEP_2\"\nmsgstr \"\"\n\n#: interstorm_wheel/templates/home.html:94\n#: interstorm_wheel/templates/home.html:148\nmsgid \"TEXT_STEP_3\"\nmsgstr \"\"\n\n#: interstorm_wheel/templates/home.html:95\n#: interstorm_wheel/templates/home.html:149\nmsgid \"TEXT_STEP_4\"\nmsgstr \"\"\n\n#: interstorm_wheel/templates/home.html:96\n#: interstorm_wheel/templates/home.html:150\nmsgid \"TEXT_STEP_5\"\nmsgstr \"\"\n\n#: interstorm_wheel/templates/home.html:97\n#: interstorm_wheel/templates/home.html:151\nmsgid \"TEXT_STEP_6\"\nmsgstr \"\"\n\n#: interstorm_wheel/templates/home.html:105\n#: interstorm_wheel/templates/home.html:138\nmsgid \"TEXT_SPIN\"\nmsgstr \"\"\n\n#: templates/admin/translation_manager/change_list.html:8\nmsgid \"admin-translation_manager-compile_translations\"\nmsgstr \"\"\n\n#: templates/admin/translation_manager/change_list.html:15\n#: templates/admin/translation_manager/change_list.html:92\nmsgid \"admin-translation_manager-make_translations\"\nmsgstr \"\"\n\n#: templates/admin/translation_manager/change_list.html:23\nmsgid \"admin-translation_manager-load-from-po\"\nmsgstr \"\"\n\n#: templates/admin/translation_manager/change_list.html:31\nmsgid \"admin-translation_manager-sync_with_remote_url\"\nmsgstr \"\"\n\n#: templates/admin/translation_manager/change_list.html:46\n#: templates/admin/translation_manager/change_list.html:70\nmsgid \"admin-translation_manager-makemessages-running\"\nmsgstr \"\"\n'), ('18', '2019-10-10 05:10:42', '2019-10-10 05:10:42', 'fa', 'locale', 'app', 'djangojs', '# SOME DESCRIPTIVE TITLE.\n# Copyright (C) YEAR THE PACKAGE\'S COPYRIGHT HOLDER\n# This file is distributed under the same license as the PACKAGE package.\n# FIRST AUTHOR <EMAIL@ADDRESS>, YEAR.\n#\n#, fuzzy\nmsgid \"\"\nmsgstr \"\"\n\"Project-Id-Version: PACKAGE VERSION\n\"\n\"Report-Msgid-Bugs-To: \n\"\n\"POT-Creation-Date: 2019-10-10 04:27+0000\n\"\n\"PO-Revision-Date: YEAR-MO-DA HO:MI+ZONE\n\"\n\"Last-Translator: FULL NAME <EMAIL@ADDRESS>\n\"\n\"Language-Team: LANGUAGE <LL@li.org>\n\"\n\"Language: \n\"\n\"MIME-Version: 1.0\n\"\n\"Content-Type: text/plain; charset=UTF-8\n\"\n\"Content-Transfer-Encoding: 8bit\n\"\n\"Plural-Forms: nplurals=1; plural=0;\n\"\n\n#: static/js/utilities.js:67\nmsgid \"Please try again\"\nmsgstr \"\"\n\n#: static/js/wheel.js:322\nmsgid \"TEXT_JS_NOT_LOGGED_IN\"\nmsgstr \"\"\n'), ('19', '2019-10-10 05:10:49', '2019-10-10 05:10:49', 'en', 'locale', 'app', 'django', '# SOME DESCRIPTIVE TITLE.\n# Copyright (C) YEAR THE PACKAGE\'S COPYRIGHT HOLDER\n# This file is distributed under the same license as the PACKAGE package.\n# FIRST AUTHOR <EMAIL@ADDRESS>, YEAR.\n#\n#, fuzzy\nmsgid \"\"\nmsgstr \"\"\n\"Project-Id-Version: PACKAGE VERSION\n\"\n\"Report-Msgid-Bugs-To: \n\"\n\"POT-Creation-Date: 2019-10-10 05:10+0000\n\"\n\"PO-Revision-Date: YEAR-MO-DA HO:MI+ZONE\n\"\n\"Last-Translator: FULL NAME <EMAIL@ADDRESS>\n\"\n\"Language-Team: LANGUAGE <LL@li.org>\n\"\n\"Language: \n\"\n\"MIME-Version: 1.0\n\"\n\"Content-Type: text/plain; charset=UTF-8\n\"\n\"Content-Transfer-Encoding: 8bit\n\"\n\n#: interstorm/settings.py:152\nmsgid \"English\"\nmsgstr \"\"\n\n#: interstorm/settings.py:153\nmsgid \"Russian\"\nmsgstr \"\"\n\n#: interstorm/settings.py:154\nmsgid \"Azeri\"\nmsgstr \"\"\n\n#: interstorm/settings.py:155\nmsgid \"German\"\nmsgstr \"\"\n\n#: interstorm/settings.py:156\nmsgid \"Turkish\"\nmsgstr \"\"\n\n#: interstorm/settings.py:157\nmsgid \"Farsi\"\nmsgstr \"\"\n\n#: interstorm_wheel/templates/home.html:69\nmsgid \"TEXT_WAITING_CLAIM_BONUS\"\nmsgstr \"\"\n\n#: interstorm_wheel/templates/home.html:89\n#: interstorm_wheel/templates/home.html:143\nmsgid \"TEXT_HOW_TO_PLAY\"\nmsgstr \"\"\n\n#: interstorm_wheel/templates/home.html:92\n#: interstorm_wheel/templates/home.html:146\nmsgid \"TEXT_STEP_1\"\nmsgstr \"\"\n\n#: interstorm_wheel/templates/home.html:93\n#: interstorm_wheel/templates/home.html:147\nmsgid \"TEXT_STEP_2\"\nmsgstr \"\"\n\n#: interstorm_wheel/templates/home.html:94\n#: interstorm_wheel/templates/home.html:148\nmsgid \"TEXT_STEP_3\"\nmsgstr \"\"\n\n#: interstorm_wheel/templates/home.html:95\n#: interstorm_wheel/templates/home.html:149\nmsgid \"TEXT_STEP_4\"\nmsgstr \"\"\n\n#: interstorm_wheel/templates/home.html:96\n#: interstorm_wheel/templates/home.html:150\nmsgid \"TEXT_STEP_5\"\nmsgstr \"\"\n\n#: interstorm_wheel/templates/home.html:97\n#: interstorm_wheel/templates/home.html:151\nmsgid \"TEXT_STEP_6\"\nmsgstr \"\"\n\n#: interstorm_wheel/templates/home.html:105\n#: interstorm_wheel/templates/home.html:138\nmsgid \"TEXT_SPIN\"\nmsgstr \"\"\n\n#: templates/admin/translation_manager/change_list.html:8\nmsgid \"admin-translation_manager-compile_translations\"\nmsgstr \"\"\n\n#: templates/admin/translation_manager/change_list.html:15\n#: templates/admin/translation_manager/change_list.html:92\nmsgid \"admin-translation_manager-make_translations\"\nmsgstr \"\"\n\n#: templates/admin/translation_manager/change_list.html:23\nmsgid \"admin-translation_manager-load-from-po\"\nmsgstr \"\"\n\n#: templates/admin/translation_manager/change_list.html:31\nmsgid \"admin-translation_manager-sync_with_remote_url\"\nmsgstr \"\"\n\n#: templates/admin/translation_manager/change_list.html:46\n#: templates/admin/translation_manager/change_list.html:70\nmsgid \"admin-translation_manager-makemessages-running\"\nmsgstr \"\"\n'), ('20', '2019-10-10 05:10:49', '2019-10-10 05:10:49', 'en', 'locale', 'app', 'djangojs', '# SOME DESCRIPTIVE TITLE.\n# Copyright (C) YEAR THE PACKAGE\'S COPYRIGHT HOLDER\n# This file is distributed under the same license as the PACKAGE package.\n# FIRST AUTHOR <EMAIL@ADDRESS>, YEAR.\n#\n#, fuzzy\nmsgid \"\"\nmsgstr \"\"\n\"Project-Id-Version: PACKAGE VERSION\n\"\n\"Report-Msgid-Bugs-To: \n\"\n\"POT-Creation-Date: 2019-10-10 04:27+0000\n\"\n\"PO-Revision-Date: YEAR-MO-DA HO:MI+ZONE\n\"\n\"Last-Translator: FULL NAME <EMAIL@ADDRESS>\n\"\n\"Language-Team: LANGUAGE <LL@li.org>\n\"\n\"Language: \n\"\n\"MIME-Version: 1.0\n\"\n\"Content-Type: text/plain; charset=UTF-8\n\"\n\"Content-Transfer-Encoding: 8bit\n\"\n\n#: static/js/utilities.js:67\nmsgid \"Please try again\"\nmsgstr \"\"\n\n#: static/js/wheel.js:322\nmsgid \"TEXT_JS_NOT_LOGGED_IN\"\nmsgstr \"\"\n'), ('21', '2019-10-10 05:10:49', '2019-10-10 05:10:49', 'ru', 'locale', 'app', 'django', '# SOME DESCRIPTIVE TITLE.\n# Copyright (C) YEAR THE PACKAGE\'S COPYRIGHT HOLDER\n# This file is distributed under the same license as the PACKAGE package.\n# FIRST AUTHOR <EMAIL@ADDRESS>, YEAR.\n#\n#, fuzzy\nmsgid \"\"\nmsgstr \"\"\n\"Project-Id-Version: PACKAGE VERSION\n\"\n\"Report-Msgid-Bugs-To: \n\"\n\"POT-Creation-Date: 2019-10-10 05:10+0000\n\"\n\"PO-Revision-Date: YEAR-MO-DA HO:MI+ZONE\n\"\n\"Last-Translator: FULL NAME <EMAIL@ADDRESS>\n\"\n\"Language-Team: LANGUAGE <LL@li.org>\n\"\n\"Language: \n\"\n\"MIME-Version: 1.0\n\"\n\"Content-Type: text/plain; charset=UTF-8\n\"\n\"Content-Transfer-Encoding: 8bit\n\"\n\"Plural-Forms: nplurals=4; plural=(n%10==1 && n%100!=11 ? 0 : n%10>=2 && n\"\n\"%10<=4 && (n%100<12 || n%100>14) ? 1 : n%10==0 || (n%10>=5 && n%10<=9) || (n\"\n\"%100>=11 && n%100<=14)? 2 : 3);\n\"\n\n#: interstorm/settings.py:152\nmsgid \"English\"\nmsgstr \"\"\n\n#: interstorm/settings.py:153\nmsgid \"Russian\"\nmsgstr \"\"\n\n#: interstorm/settings.py:154\nmsgid \"Azeri\"\nmsgstr \"\"\n\n#: interstorm/settings.py:155\nmsgid \"German\"\nmsgstr \"\"\n\n#: interstorm/settings.py:156\nmsgid \"Turkish\"\nmsgstr \"\"\n\n#: interstorm/settings.py:157\nmsgid \"Farsi\"\nmsgstr \"\"\n\n#: interstorm_wheel/templates/home.html:69\nmsgid \"TEXT_WAITING_CLAIM_BONUS\"\nmsgstr \"\"\n\n#: interstorm_wheel/templates/home.html:89\n#: interstorm_wheel/templates/home.html:143\nmsgid \"TEXT_HOW_TO_PLAY\"\nmsgstr \"\"\n\n#: interstorm_wheel/templates/home.html:92\n#: interstorm_wheel/templates/home.html:146\nmsgid \"TEXT_STEP_1\"\nmsgstr \"\"\n\n#: interstorm_wheel/templates/home.html:93\n#: interstorm_wheel/templates/home.html:147\nmsgid \"TEXT_STEP_2\"\nmsgstr \"\"\n\n#: interstorm_wheel/templates/home.html:94\n#: interstorm_wheel/templates/home.html:148\nmsgid \"TEXT_STEP_3\"\nmsgstr \"\"\n\n#: interstorm_wheel/templates/home.html:95\n#: interstorm_wheel/templates/home.html:149\nmsgid \"TEXT_STEP_4\"\nmsgstr \"\"\n\n#: interstorm_wheel/templates/home.html:96\n#: interstorm_wheel/templates/home.html:150\nmsgid \"TEXT_STEP_5\"\nmsgstr \"\"\n\n#: interstorm_wheel/templates/home.html:97\n#: interstorm_wheel/templates/home.html:151\nmsgid \"TEXT_STEP_6\"\nmsgstr \"\"\n\n#: interstorm_wheel/templates/home.html:105\n#: interstorm_wheel/templates/home.html:138\nmsgid \"TEXT_SPIN\"\nmsgstr \"\"\n\n#: templates/admin/translation_manager/change_list.html:8\nmsgid \"admin-translation_manager-compile_translations\"\nmsgstr \"\"\n\n#: templates/admin/translation_manager/change_list.html:15\n#: templates/admin/translation_manager/change_list.html:92\nmsgid \"admin-translation_manager-make_translations\"\nmsgstr \"\"\n\n#: templates/admin/translation_manager/change_list.html:23\nmsgid \"admin-translation_manager-load-from-po\"\nmsgstr \"\"\n\n#: templates/admin/translation_manager/change_list.html:31\nmsgid \"admin-translation_manager-sync_with_remote_url\"\nmsgstr \"\"\n\n#: templates/admin/translation_manager/change_list.html:46\n#: templates/admin/translation_manager/change_list.html:70\nmsgid \"admin-translation_manager-makemessages-running\"\nmsgstr \"\"\n'), ('22', '2019-10-10 05:10:49', '2019-10-10 05:10:49', 'ru', 'locale', 'app', 'djangojs', '# SOME DESCRIPTIVE TITLE.\n# Copyright (C) YEAR THE PACKAGE\'S COPYRIGHT HOLDER\n# This file is distributed under the same license as the PACKAGE package.\n# FIRST AUTHOR <EMAIL@ADDRESS>, YEAR.\n#\n#, fuzzy\nmsgid \"\"\nmsgstr \"\"\n\"Project-Id-Version: PACKAGE VERSION\n\"\n\"Report-Msgid-Bugs-To: \n\"\n\"POT-Creation-Date: 2019-10-10 04:27+0000\n\"\n\"PO-Revision-Date: YEAR-MO-DA HO:MI+ZONE\n\"\n\"Last-Translator: FULL NAME <EMAIL@ADDRESS>\n\"\n\"Language-Team: LANGUAGE <LL@li.org>\n\"\n\"Language: \n\"\n\"MIME-Version: 1.0\n\"\n\"Content-Type: text/plain; charset=UTF-8\n\"\n\"Content-Transfer-Encoding: 8bit\n\"\n\"Plural-Forms: nplurals=4; plural=(n%10==1 && n%100!=11 ? 0 : n%10>=2 && n\"\n\"%10<=4 && (n%100<12 || n%100>14) ? 1 : n%10==0 || (n%10>=5 && n%10<=9) || (n\"\n\"%100>=11 && n%100<=14)? 2 : 3);\n\"\n\n#: static/js/utilities.js:67\nmsgid \"Please try again\"\nmsgstr \"\"\n\n#: static/js/wheel.js:322\nmsgid \"TEXT_JS_NOT_LOGGED_IN\"\nmsgstr \"\"\n'), ('23', '2019-10-10 05:10:49', '2019-10-10 05:10:49', 'az', 'locale', 'app', 'django', '# SOME DESCRIPTIVE TITLE.\n# Copyright (C) YEAR THE PACKAGE\'S COPYRIGHT HOLDER\n# This file is distributed under the same license as the PACKAGE package.\n# FIRST AUTHOR <EMAIL@ADDRESS>, YEAR.\n#\n#, fuzzy\nmsgid \"\"\nmsgstr \"\"\n\"Project-Id-Version: PACKAGE VERSION\n\"\n\"Report-Msgid-Bugs-To: \n\"\n\"POT-Creation-Date: 2019-10-10 05:10+0000\n\"\n\"PO-Revision-Date: YEAR-MO-DA HO:MI+ZONE\n\"\n\"Last-Translator: FULL NAME <EMAIL@ADDRESS>\n\"\n\"Language-Team: LANGUAGE <LL@li.org>\n\"\n\"Language: \n\"\n\"MIME-Version: 1.0\n\"\n\"Content-Type: text/plain; charset=UTF-8\n\"\n\"Content-Transfer-Encoding: 8bit\n\"\n\"Plural-Forms: nplurals=2; plural=(n != 1);\n\"\n\n#: interstorm/settings.py:152\nmsgid \"English\"\nmsgstr \"\"\n\n#: interstorm/settings.py:153\nmsgid \"Russian\"\nmsgstr \"\"\n\n#: interstorm/settings.py:154\nmsgid \"Azeri\"\nmsgstr \"\"\n\n#: interstorm/settings.py:155\nmsgid \"German\"\nmsgstr \"\"\n\n#: interstorm/settings.py:156\nmsgid \"Turkish\"\nmsgstr \"\"\n\n#: interstorm/settings.py:157\nmsgid \"Farsi\"\nmsgstr \"\"\n\n#: interstorm_wheel/templates/home.html:69\nmsgid \"TEXT_WAITING_CLAIM_BONUS\"\nmsgstr \"\"\n\n#: interstorm_wheel/templates/home.html:89\n#: interstorm_wheel/templates/home.html:143\nmsgid \"TEXT_HOW_TO_PLAY\"\nmsgstr \"\"\n\n#: interstorm_wheel/templates/home.html:92\n#: interstorm_wheel/templates/home.html:146\nmsgid \"TEXT_STEP_1\"\nmsgstr \"\"\n\n#: interstorm_wheel/templates/home.html:93\n#: interstorm_wheel/templates/home.html:147\nmsgid \"TEXT_STEP_2\"\nmsgstr \"\"\n\n#: interstorm_wheel/templates/home.html:94\n#: interstorm_wheel/templates/home.html:148\nmsgid \"TEXT_STEP_3\"\nmsgstr \"\"\n\n#: interstorm_wheel/templates/home.html:95\n#: interstorm_wheel/templates/home.html:149\nmsgid \"TEXT_STEP_4\"\nmsgstr \"\"\n\n#: interstorm_wheel/templates/home.html:96\n#: interstorm_wheel/templates/home.html:150\nmsgid \"TEXT_STEP_5\"\nmsgstr \"\"\n\n#: interstorm_wheel/templates/home.html:97\n#: interstorm_wheel/templates/home.html:151\nmsgid \"TEXT_STEP_6\"\nmsgstr \"\"\n\n#: interstorm_wheel/templates/home.html:105\n#: interstorm_wheel/templates/home.html:138\nmsgid \"TEXT_SPIN\"\nmsgstr \"\"\n\n#: templates/admin/translation_manager/change_list.html:8\nmsgid \"admin-translation_manager-compile_translations\"\nmsgstr \"\"\n\n#: templates/admin/translation_manager/change_list.html:15\n#: templates/admin/translation_manager/change_list.html:92\nmsgid \"admin-translation_manager-make_translations\"\nmsgstr \"\"\n\n#: templates/admin/translation_manager/change_list.html:23\nmsgid \"admin-translation_manager-load-from-po\"\nmsgstr \"\"\n\n#: templates/admin/translation_manager/change_list.html:31\nmsgid \"admin-translation_manager-sync_with_remote_url\"\nmsgstr \"\"\n\n#: templates/admin/translation_manager/change_list.html:46\n#: templates/admin/translation_manager/change_list.html:70\nmsgid \"admin-translation_manager-makemessages-running\"\nmsgstr \"\"\n'), ('24', '2019-10-10 05:10:49', '2019-10-10 05:10:49', 'az', 'locale', 'app', 'djangojs', '# SOME DESCRIPTIVE TITLE.\n# Copyright (C) YEAR THE PACKAGE\'S COPYRIGHT HOLDER\n# This file is distributed under the same license as the PACKAGE package.\n# FIRST AUTHOR <EMAIL@ADDRESS>, YEAR.\n#\n#, fuzzy\nmsgid \"\"\nmsgstr \"\"\n\"Project-Id-Version: PACKAGE VERSION\n\"\n\"Report-Msgid-Bugs-To: \n\"\n\"POT-Creation-Date: 2019-10-10 04:27+0000\n\"\n\"PO-Revision-Date: YEAR-MO-DA HO:MI+ZONE\n\"\n\"Last-Translator: FULL NAME <EMAIL@ADDRESS>\n\"\n\"Language-Team: LANGUAGE <LL@li.org>\n\"\n\"Language: \n\"\n\"MIME-Version: 1.0\n\"\n\"Content-Type: text/plain; charset=UTF-8\n\"\n\"Content-Transfer-Encoding: 8bit\n\"\n\"Plural-Forms: nplurals=2; plural=(n != 1);\n\"\n\n#: static/js/utilities.js:67\nmsgid \"Please try again\"\nmsgstr \"\"\n\n#: static/js/wheel.js:322\nmsgid \"TEXT_JS_NOT_LOGGED_IN\"\nmsgstr \"\"\n'), ('25', '2019-10-10 05:10:49', '2019-10-10 05:10:49', 'de', 'locale', 'app', 'django', '# SOME DESCRIPTIVE TITLE.\n# Copyright (C) YEAR THE PACKAGE\'S COPYRIGHT HOLDER\n# This file is distributed under the same license as the PACKAGE package.\n# FIRST AUTHOR <EMAIL@ADDRESS>, YEAR.\n#\n#, fuzzy\nmsgid \"\"\nmsgstr \"\"\n\"Project-Id-Version: PACKAGE VERSION\n\"\n\"Report-Msgid-Bugs-To: \n\"\n\"POT-Creation-Date: 2019-10-10 05:10+0000\n\"\n\"PO-Revision-Date: YEAR-MO-DA HO:MI+ZONE\n\"\n\"Last-Translator: FULL NAME <EMAIL@ADDRESS>\n\"\n\"Language-Team: LANGUAGE <LL@li.org>\n\"\n\"Language: \n\"\n\"MIME-Version: 1.0\n\"\n\"Content-Type: text/plain; charset=UTF-8\n\"\n\"Content-Transfer-Encoding: 8bit\n\"\n\"Plural-Forms: nplurals=2; plural=(n != 1);\n\"\n\n#: interstorm/settings.py:152\nmsgid \"English\"\nmsgstr \"\"\n\n#: interstorm/settings.py:153\nmsgid \"Russian\"\nmsgstr \"\"\n\n#: interstorm/settings.py:154\nmsgid \"Azeri\"\nmsgstr \"\"\n\n#: interstorm/settings.py:155\nmsgid \"German\"\nmsgstr \"\"\n\n#: interstorm/settings.py:156\nmsgid \"Turkish\"\nmsgstr \"\"\n\n#: interstorm/settings.py:157\nmsgid \"Farsi\"\nmsgstr \"\"\n\n#: interstorm_wheel/templates/home.html:69\nmsgid \"TEXT_WAITING_CLAIM_BONUS\"\nmsgstr \"\"\n\n#: interstorm_wheel/templates/home.html:89\n#: interstorm_wheel/templates/home.html:143\nmsgid \"TEXT_HOW_TO_PLAY\"\nmsgstr \"\"\n\n#: interstorm_wheel/templates/home.html:92\n#: interstorm_wheel/templates/home.html:146\nmsgid \"TEXT_STEP_1\"\nmsgstr \"\"\n\n#: interstorm_wheel/templates/home.html:93\n#: interstorm_wheel/templates/home.html:147\nmsgid \"TEXT_STEP_2\"\nmsgstr \"\"\n\n#: interstorm_wheel/templates/home.html:94\n#: interstorm_wheel/templates/home.html:148\nmsgid \"TEXT_STEP_3\"\nmsgstr \"\"\n\n#: interstorm_wheel/templates/home.html:95\n#: interstorm_wheel/templates/home.html:149\nmsgid \"TEXT_STEP_4\"\nmsgstr \"\"\n\n#: interstorm_wheel/templates/home.html:96\n#: interstorm_wheel/templates/home.html:150\nmsgid \"TEXT_STEP_5\"\nmsgstr \"\"\n\n#: interstorm_wheel/templates/home.html:97\n#: interstorm_wheel/templates/home.html:151\nmsgid \"TEXT_STEP_6\"\nmsgstr \"\"\n\n#: interstorm_wheel/templates/home.html:105\n#: interstorm_wheel/templates/home.html:138\nmsgid \"TEXT_SPIN\"\nmsgstr \"\"\n\n#: templates/admin/translation_manager/change_list.html:8\nmsgid \"admin-translation_manager-compile_translations\"\nmsgstr \"\"\n\n#: templates/admin/translation_manager/change_list.html:15\n#: templates/admin/translation_manager/change_list.html:92\nmsgid \"admin-translation_manager-make_translations\"\nmsgstr \"\"\n\n#: templates/admin/translation_manager/change_list.html:23\nmsgid \"admin-translation_manager-load-from-po\"\nmsgstr \"\"\n\n#: templates/admin/translation_manager/change_list.html:31\nmsgid \"admin-translation_manager-sync_with_remote_url\"\nmsgstr \"\"\n\n#: templates/admin/translation_manager/change_list.html:46\n#: templates/admin/translation_manager/change_list.html:70\nmsgid \"admin-translation_manager-makemessages-running\"\nmsgstr \"\"\n'), ('26', '2019-10-10 05:10:49', '2019-10-10 05:10:49', 'de', 'locale', 'app', 'djangojs', '# SOME DESCRIPTIVE TITLE.\n# Copyright (C) YEAR THE PACKAGE\'S COPYRIGHT HOLDER\n# This file is distributed under the same license as the PACKAGE package.\n# FIRST AUTHOR <EMAIL@ADDRESS>, YEAR.\n#\n#, fuzzy\nmsgid \"\"\nmsgstr \"\"\n\"Project-Id-Version: PACKAGE VERSION\n\"\n\"Report-Msgid-Bugs-To: \n\"\n\"POT-Creation-Date: 2019-10-10 04:27+0000\n\"\n\"PO-Revision-Date: YEAR-MO-DA HO:MI+ZONE\n\"\n\"Last-Translator: FULL NAME <EMAIL@ADDRESS>\n\"\n\"Language-Team: LANGUAGE <LL@li.org>\n\"\n\"Language: \n\"\n\"MIME-Version: 1.0\n\"\n\"Content-Type: text/plain; charset=UTF-8\n\"\n\"Content-Transfer-Encoding: 8bit\n\"\n\"Plural-Forms: nplurals=2; plural=(n != 1);\n\"\n\n#: static/js/utilities.js:67\nmsgid \"Please try again\"\nmsgstr \"\"\n\n#: static/js/wheel.js:322\nmsgid \"TEXT_JS_NOT_LOGGED_IN\"\nmsgstr \"\"\n'), ('27', '2019-10-10 05:10:49', '2019-10-10 05:10:49', 'tr', 'locale', 'app', 'django', '# SOME DESCRIPTIVE TITLE.\n# Copyright (C) YEAR THE PACKAGE\'S COPYRIGHT HOLDER\n# This file is distributed under the same license as the PACKAGE package.\n# FIRST AUTHOR <EMAIL@ADDRESS>, YEAR.\n#\n#, fuzzy\nmsgid \"\"\nmsgstr \"\"\n\"Project-Id-Version: PACKAGE VERSION\n\"\n\"Report-Msgid-Bugs-To: \n\"\n\"POT-Creation-Date: 2019-10-10 05:10+0000\n\"\n\"PO-Revision-Date: YEAR-MO-DA HO:MI+ZONE\n\"\n\"Last-Translator: FULL NAME <EMAIL@ADDRESS>\n\"\n\"Language-Team: LANGUAGE <LL@li.org>\n\"\n\"Language: \n\"\n\"MIME-Version: 1.0\n\"\n\"Content-Type: text/plain; charset=UTF-8\n\"\n\"Content-Transfer-Encoding: 8bit\n\"\n\"Plural-Forms: nplurals=2; plural=(n > 1);\n\"\n\n#: interstorm/settings.py:152\nmsgid \"English\"\nmsgstr \"\"\n\n#: interstorm/settings.py:153\nmsgid \"Russian\"\nmsgstr \"\"\n\n#: interstorm/settings.py:154\nmsgid \"Azeri\"\nmsgstr \"\"\n\n#: interstorm/settings.py:155\nmsgid \"German\"\nmsgstr \"\"\n\n#: interstorm/settings.py:156\nmsgid \"Turkish\"\nmsgstr \"\"\n\n#: interstorm/settings.py:157\nmsgid \"Farsi\"\nmsgstr \"\"\n\n#: interstorm_wheel/templates/home.html:69\nmsgid \"TEXT_WAITING_CLAIM_BONUS\"\nmsgstr \"\"\n\n#: interstorm_wheel/templates/home.html:89\n#: interstorm_wheel/templates/home.html:143\nmsgid \"TEXT_HOW_TO_PLAY\"\nmsgstr \"\"\n\n#: interstorm_wheel/templates/home.html:92\n#: interstorm_wheel/templates/home.html:146\nmsgid \"TEXT_STEP_1\"\nmsgstr \"\"\n\n#: interstorm_wheel/templates/home.html:93\n#: interstorm_wheel/templates/home.html:147\nmsgid \"TEXT_STEP_2\"\nmsgstr \"\"\n\n#: interstorm_wheel/templates/home.html:94\n#: interstorm_wheel/templates/home.html:148\nmsgid \"TEXT_STEP_3\"\nmsgstr \"\"\n\n#: interstorm_wheel/templates/home.html:95\n#: interstorm_wheel/templates/home.html:149\nmsgid \"TEXT_STEP_4\"\nmsgstr \"\"\n\n#: interstorm_wheel/templates/home.html:96\n#: interstorm_wheel/templates/home.html:150\nmsgid \"TEXT_STEP_5\"\nmsgstr \"\"\n\n#: interstorm_wheel/templates/home.html:97\n#: interstorm_wheel/templates/home.html:151\nmsgid \"TEXT_STEP_6\"\nmsgstr \"\"\n\n#: interstorm_wheel/templates/home.html:105\n#: interstorm_wheel/templates/home.html:138\nmsgid \"TEXT_SPIN\"\nmsgstr \"\"\n\n#: templates/admin/translation_manager/change_list.html:8\nmsgid \"admin-translation_manager-compile_translations\"\nmsgstr \"\"\n\n#: templates/admin/translation_manager/change_list.html:15\n#: templates/admin/translation_manager/change_list.html:92\nmsgid \"admin-translation_manager-make_translations\"\nmsgstr \"\"\n\n#: templates/admin/translation_manager/change_list.html:23\nmsgid \"admin-translation_manager-load-from-po\"\nmsgstr \"\"\n\n#: templates/admin/translation_manager/change_list.html:31\nmsgid \"admin-translation_manager-sync_with_remote_url\"\nmsgstr \"\"\n\n#: templates/admin/translation_manager/change_list.html:46\n#: templates/admin/translation_manager/change_list.html:70\nmsgid \"admin-translation_manager-makemessages-running\"\nmsgstr \"\"\n'), ('28', '2019-10-10 05:10:49', '2019-10-10 05:10:49', 'tr', 'locale', 'app', 'djangojs', '# SOME DESCRIPTIVE TITLE.\n# Copyright (C) YEAR THE PACKAGE\'S COPYRIGHT HOLDER\n# This file is distributed under the same license as the PACKAGE package.\n# FIRST AUTHOR <EMAIL@ADDRESS>, YEAR.\n#\n#, fuzzy\nmsgid \"\"\nmsgstr \"\"\n\"Project-Id-Version: PACKAGE VERSION\n\"\n\"Report-Msgid-Bugs-To: \n\"\n\"POT-Creation-Date: 2019-10-10 04:27+0000\n\"\n\"PO-Revision-Date: YEAR-MO-DA HO:MI+ZONE\n\"\n\"Last-Translator: FULL NAME <EMAIL@ADDRESS>\n\"\n\"Language-Team: LANGUAGE <LL@li.org>\n\"\n\"Language: \n\"\n\"MIME-Version: 1.0\n\"\n\"Content-Type: text/plain; charset=UTF-8\n\"\n\"Content-Transfer-Encoding: 8bit\n\"\n\"Plural-Forms: nplurals=2; plural=(n > 1);\n\"\n\n#: static/js/utilities.js:67\nmsgid \"Please try again\"\nmsgstr \"\"\n\n#: static/js/wheel.js:322\nmsgid \"TEXT_JS_NOT_LOGGED_IN\"\nmsgstr \"\"\n'), ('29', '2019-10-10 05:10:49', '2019-10-10 05:10:49', 'fa', 'locale', 'app', 'django', '# SOME DESCRIPTIVE TITLE.\n# Copyright (C) YEAR THE PACKAGE\'S COPYRIGHT HOLDER\n# This file is distributed under the same license as the PACKAGE package.\n# FIRST AUTHOR <EMAIL@ADDRESS>, YEAR.\n#\n#, fuzzy\nmsgid \"\"\nmsgstr \"\"\n\"Project-Id-Version: PACKAGE VERSION\n\"\n\"Report-Msgid-Bugs-To: \n\"\n\"POT-Creation-Date: 2019-10-10 05:10+0000\n\"\n\"PO-Revision-Date: YEAR-MO-DA HO:MI+ZONE\n\"\n\"Last-Translator: FULL NAME <EMAIL@ADDRESS>\n\"\n\"Language-Team: LANGUAGE <LL@li.org>\n\"\n\"Language: \n\"\n\"MIME-Version: 1.0\n\"\n\"Content-Type: text/plain; charset=UTF-8\n\"\n\"Content-Transfer-Encoding: 8bit\n\"\n\"Plural-Forms: nplurals=1; plural=0;\n\"\n\n#: interstorm/settings.py:152\nmsgid \"English\"\nmsgstr \"\"\n\n#: interstorm/settings.py:153\nmsgid \"Russian\"\nmsgstr \"\"\n\n#: interstorm/settings.py:154\nmsgid \"Azeri\"\nmsgstr \"\"\n\n#: interstorm/settings.py:155\nmsgid \"German\"\nmsgstr \"\"\n\n#: interstorm/settings.py:156\nmsgid \"Turkish\"\nmsgstr \"\"\n\n#: interstorm/settings.py:157\nmsgid \"Farsi\"\nmsgstr \"\"\n\n#: interstorm_wheel/templates/home.html:69\nmsgid \"TEXT_WAITING_CLAIM_BONUS\"\nmsgstr \"\"\n\n#: interstorm_wheel/templates/home.html:89\n#: interstorm_wheel/templates/home.html:143\nmsgid \"TEXT_HOW_TO_PLAY\"\nmsgstr \"\"\n\n#: interstorm_wheel/templates/home.html:92\n#: interstorm_wheel/templates/home.html:146\nmsgid \"TEXT_STEP_1\"\nmsgstr \"\"\n\n#: interstorm_wheel/templates/home.html:93\n#: interstorm_wheel/templates/home.html:147\nmsgid \"TEXT_STEP_2\"\nmsgstr \"\"\n\n#: interstorm_wheel/templates/home.html:94\n#: interstorm_wheel/templates/home.html:148\nmsgid \"TEXT_STEP_3\"\nmsgstr \"\"\n\n#: interstorm_wheel/templates/home.html:95\n#: interstorm_wheel/templates/home.html:149\nmsgid \"TEXT_STEP_4\"\nmsgstr \"\"\n\n#: interstorm_wheel/templates/home.html:96\n#: interstorm_wheel/templates/home.html:150\nmsgid \"TEXT_STEP_5\"\nmsgstr \"\"\n\n#: interstorm_wheel/templates/home.html:97\n#: interstorm_wheel/templates/home.html:151\nmsgid \"TEXT_STEP_6\"\nmsgstr \"\"\n\n#: interstorm_wheel/templates/home.html:105\n#: interstorm_wheel/templates/home.html:138\nmsgid \"TEXT_SPIN\"\nmsgstr \"\"\n\n#: templates/admin/translation_manager/change_list.html:8\nmsgid \"admin-translation_manager-compile_translations\"\nmsgstr \"\"\n\n#: templates/admin/translation_manager/change_list.html:15\n#: templates/admin/translation_manager/change_list.html:92\nmsgid \"admin-translation_manager-make_translations\"\nmsgstr \"\"\n\n#: templates/admin/translation_manager/change_list.html:23\nmsgid \"admin-translation_manager-load-from-po\"\nmsgstr \"\"\n\n#: templates/admin/translation_manager/change_list.html:31\nmsgid \"admin-translation_manager-sync_with_remote_url\"\nmsgstr \"\"\n\n#: templates/admin/translation_manager/change_list.html:46\n#: templates/admin/translation_manager/change_list.html:70\nmsgid \"admin-translation_manager-makemessages-running\"\nmsgstr \"\"\n'), ('30', '2019-10-10 05:10:49', '2019-10-10 05:10:49', 'fa', 'locale', 'app', 'djangojs', '# SOME DESCRIPTIVE TITLE.\n# Copyright (C) YEAR THE PACKAGE\'S COPYRIGHT HOLDER\n# This file is distributed under the same license as the PACKAGE package.\n# FIRST AUTHOR <EMAIL@ADDRESS>, YEAR.\n#\n#, fuzzy\nmsgid \"\"\nmsgstr \"\"\n\"Project-Id-Version: PACKAGE VERSION\n\"\n\"Report-Msgid-Bugs-To: \n\"\n\"POT-Creation-Date: 2019-10-10 04:27+0000\n\"\n\"PO-Revision-Date: YEAR-MO-DA HO:MI+ZONE\n\"\n\"Last-Translator: FULL NAME <EMAIL@ADDRESS>\n\"\n\"Language-Team: LANGUAGE <LL@li.org>\n\"\n\"Language: \n\"\n\"MIME-Version: 1.0\n\"\n\"Content-Type: text/plain; charset=UTF-8\n\"\n\"Content-Transfer-Encoding: 8bit\n\"\n\"Plural-Forms: nplurals=1; plural=0;\n\"\n\n#: static/js/utilities.js:67\nmsgid \"Please try again\"\nmsgstr \"\"\n\n#: static/js/wheel.js:322\nmsgid \"TEXT_JS_NOT_LOGGED_IN\"\nmsgstr \"\"\n'), ('31', '2019-10-24 11:30:34', '2019-10-24 11:30:34', 'en', 'locale', 'app', 'django', '#\nmsgid \"\"\nmsgstr \"\"\n\"Project-Id-Version: 0.1\n\"\n\"Report-Msgid-Bugs-To: webmaster@localhost\n\"\n\"POT-Creation-Date: 2019-10-23 09:31:27\n\"\n\"PO-Revision-Date: 2019-10-23 09:31:27\n\"\n\"Last-Translator: Server <root@localhost>\n\"\n\"Language-Team: English <webmaster@localhost>\n\"\n\"MIME-Version: 1.0\n\"\n\"Content-Type: text/plain; charset=utf-8\n\"\n\"Content-Transfer-Encoding: 8bit\n\"\n\n#: interstorm/settings.py:154\nmsgid \"Azeri\"\nmsgstr \"Azeri\"\n\n#: interstorm/settings.py:152\nmsgid \"English\"\nmsgstr \"English\"\n\n#: interstorm/settings.py:157\nmsgid \"Farsi\"\nmsgstr \"Farsi\"\n\n#: interstorm/settings.py:155\nmsgid \"German\"\nmsgstr \"German\"\n\n#: interstorm/settings.py:153\nmsgid \"Russian\"\nmsgstr \"Russian\"\n\n#: interstorm_wheel/templates/home.html:89\n#: interstorm_wheel/templates/home.html:143\nmsgid \"TEXT_HOW_TO_PLAY\"\nmsgstr \"Wheel of Fortune\"\n\n#: interstorm_wheel/templates/home.html:92\n#: interstorm_wheel/templates/home.html:146\nmsgid \"TEXT_STEP_1\"\nmsgstr \"Spin the wheel\"\n\n#: interstorm_wheel/templates/home.html:93\n#: interstorm_wheel/templates/home.html:147\nmsgid \"TEXT_STEP_2\"\nmsgstr \"and receive a bonus\"\n\n#: interstorm_wheel/templates/home.html:94\n#: interstorm_wheel/templates/home.html:148\nmsgid \"TEXT_STEP_3\"\nmsgstr \"on your funds deposit\"\n\n#: interstorm_wheel/templates/home.html:95\n#: interstorm_wheel/templates/home.html:149\nmsgid \"TEXT_STEP_4\"\nmsgstr \"of 20%, 25%, 30%\"\n\n#: interstorm_wheel/templates/home.html:96\n#: interstorm_wheel/templates/home.html:150\nmsgid \"TEXT_STEP_5\"\nmsgstr \"or 100% jackpot!\"\n\n#: interstorm_wheel/templates/home.html:97\n#: interstorm_wheel/templates/home.html:151\nmsgid \"TEXT_STEP_6\"\nmsgstr \"Good Luck!\"\n\n#: interstorm_wheel/templates/home.html:69\nmsgid \"TEXT_WAITING_CLAIM_BONUS\"\nmsgstr \"Waiting to claim bonus\"\n\n#: interstorm/settings.py:156\nmsgid \"Turkish\"\nmsgstr \"Turkish\"\n'), ('32', '2019-10-24 11:30:34', '2019-10-24 11:30:34', 'en', 'locale', 'app', 'djangojs', '#\nmsgid \"\"\nmsgstr \"\"\n\"Project-Id-Version: 0.1\n\"\n\"Report-Msgid-Bugs-To: webmaster@localhost\n\"\n\"POT-Creation-Date: 2019-10-23 09:31:27\n\"\n\"PO-Revision-Date: 2019-10-23 09:31:27\n\"\n\"Last-Translator: Server <root@localhost>\n\"\n\"Language-Team: English <webmaster@localhost>\n\"\n\"MIME-Version: 1.0\n\"\n\"Content-Type: text/plain; charset=utf-8\n\"\n\"Content-Transfer-Encoding: 8bit\n\"\n\n#: static/js/utilities.js:67\nmsgid \"Please try again\"\nmsgstr \"Please try again\"\n\n#: static/js/wheel.js:322\nmsgid \"TEXT_JS_NOT_LOGGED_IN\"\nmsgstr \"Not logged-in\"\n'), ('33', '2019-10-24 11:30:34', '2019-10-24 11:30:34', 'ru', 'locale', 'app', 'django', '#\nmsgid \"\"\nmsgstr \"\"\n\"Project-Id-Version: 0.1\n\"\n\"Report-Msgid-Bugs-To: webmaster@localhost\n\"\n\"POT-Creation-Date: 2019-10-23 09:31:27\n\"\n\"PO-Revision-Date: 2019-10-23 09:31:27\n\"\n\"Last-Translator: Server <root@localhost>\n\"\n\"Language-Team: English <webmaster@localhost>\n\"\n\"MIME-Version: 1.0\n\"\n\"Content-Type: text/plain; charset=utf-8\n\"\n\"Content-Transfer-Encoding: 8bit\n\"\n\n#: interstorm/settings.py:154\nmsgid \"Azeri\"\nmsgstr \"Azeri\"\n\n#: interstorm/settings.py:152\nmsgid \"English\"\nmsgstr \"English\"\n\n#: interstorm/settings.py:157\nmsgid \"Farsi\"\nmsgstr \"Farsi\"\n\n#: interstorm/settings.py:155\nmsgid \"German\"\nmsgstr \"German\"\n\n#: interstorm/settings.py:153\nmsgid \"Russian\"\nmsgstr \"Russian\"\n\n#: interstorm/settings.py:156\nmsgid \"Turkish\"\nmsgstr \"Turkish\"\n'), ('34', '2019-10-24 11:30:34', '2019-10-24 11:30:34', 'ru', 'locale', 'app', 'djangojs', '#\nmsgid \"\"\nmsgstr \"\"\n\"Project-Id-Version: 0.1\n\"\n\"Report-Msgid-Bugs-To: webmaster@localhost\n\"\n\"POT-Creation-Date: 2019-10-23 09:31:27\n\"\n\"PO-Revision-Date: 2019-10-23 09:31:27\n\"\n\"Last-Translator: Server <root@localhost>\n\"\n\"Language-Team: English <webmaster@localhost>\n\"\n\"MIME-Version: 1.0\n\"\n\"Content-Type: text/plain; charset=utf-8\n\"\n\"Content-Transfer-Encoding: 8bit\n\"\n'), ('35', '2019-10-24 11:30:34', '2019-10-24 11:30:34', 'az', 'locale', 'app', 'django', '#\nmsgid \"\"\nmsgstr \"\"\n\"Project-Id-Version: 0.1\n\"\n\"Report-Msgid-Bugs-To: webmaster@localhost\n\"\n\"POT-Creation-Date: 2019-10-23 09:31:27\n\"\n\"PO-Revision-Date: 2019-10-23 09:31:27\n\"\n\"Last-Translator: Server <root@localhost>\n\"\n\"Language-Team: English <webmaster@localhost>\n\"\n\"MIME-Version: 1.0\n\"\n\"Content-Type: text/plain; charset=utf-8\n\"\n\"Content-Transfer-Encoding: 8bit\n\"\n\n#: interstorm/settings.py:154\nmsgid \"Azeri\"\nmsgstr \"Azeri\"\n\n#: interstorm/settings.py:152\nmsgid \"English\"\nmsgstr \"English\"\n\n#: interstorm/settings.py:157\nmsgid \"Farsi\"\nmsgstr \"Farsi\"\n\n#: interstorm/settings.py:155\nmsgid \"German\"\nmsgstr \"German\"\n\n#: interstorm/settings.py:153\nmsgid \"Russian\"\nmsgstr \"Russian\"\n\n#: interstorm/settings.py:156\nmsgid \"Turkish\"\nmsgstr \"Turkish\"\n'), ('36', '2019-10-24 11:30:34', '2019-10-24 11:30:34', 'az', 'locale', 'app', 'djangojs', '#\nmsgid \"\"\nmsgstr \"\"\n\"Project-Id-Version: 0.1\n\"\n\"Report-Msgid-Bugs-To: webmaster@localhost\n\"\n\"POT-Creation-Date: 2019-10-23 09:31:27\n\"\n\"PO-Revision-Date: 2019-10-23 09:31:27\n\"\n\"Last-Translator: Server <root@localhost>\n\"\n\"Language-Team: English <webmaster@localhost>\n\"\n\"MIME-Version: 1.0\n\"\n\"Content-Type: text/plain; charset=utf-8\n\"\n\"Content-Transfer-Encoding: 8bit\n\"\n'), ('37', '2019-10-24 11:30:34', '2019-10-24 11:30:34', 'de', 'locale', 'app', 'django', '#\nmsgid \"\"\nmsgstr \"\"\n\"Project-Id-Version: 0.1\n\"\n\"Report-Msgid-Bugs-To: webmaster@localhost\n\"\n\"POT-Creation-Date: 2019-10-23 09:31:27\n\"\n\"PO-Revision-Date: 2019-10-23 09:31:27\n\"\n\"Last-Translator: Server <root@localhost>\n\"\n\"Language-Team: English <webmaster@localhost>\n\"\n\"MIME-Version: 1.0\n\"\n\"Content-Type: text/plain; charset=utf-8\n\"\n\"Content-Transfer-Encoding: 8bit\n\"\n\n#: interstorm/settings.py:154\nmsgid \"Azeri\"\nmsgstr \"Azeri\"\n\n#: interstorm/settings.py:152\nmsgid \"English\"\nmsgstr \"English\"\n\n#: interstorm/settings.py:157\nmsgid \"Farsi\"\nmsgstr \"Farsi\"\n\n#: interstorm/settings.py:155\nmsgid \"German\"\nmsgstr \"German\"\n\n#: interstorm/settings.py:153\nmsgid \"Russian\"\nmsgstr \"Russian\"\n\n#: interstorm/settings.py:156\nmsgid \"Turkish\"\nmsgstr \"Turkish\"\n');
INSERT INTO `translation_manager_translationbackup` VALUES ('38', '2019-10-24 11:30:34', '2019-10-24 11:30:34', 'de', 'locale', 'app', 'djangojs', '#\nmsgid \"\"\nmsgstr \"\"\n\"Project-Id-Version: 0.1\n\"\n\"Report-Msgid-Bugs-To: webmaster@localhost\n\"\n\"POT-Creation-Date: 2019-10-23 09:31:27\n\"\n\"PO-Revision-Date: 2019-10-23 09:31:27\n\"\n\"Last-Translator: Server <root@localhost>\n\"\n\"Language-Team: English <webmaster@localhost>\n\"\n\"MIME-Version: 1.0\n\"\n\"Content-Type: text/plain; charset=utf-8\n\"\n\"Content-Transfer-Encoding: 8bit\n\"\n'), ('39', '2019-10-24 11:30:34', '2019-10-24 11:30:34', 'tr', 'locale', 'app', 'django', '#\nmsgid \"\"\nmsgstr \"\"\n\"Project-Id-Version: 0.1\n\"\n\"Report-Msgid-Bugs-To: webmaster@localhost\n\"\n\"POT-Creation-Date: 2019-10-23 09:31:27\n\"\n\"PO-Revision-Date: 2019-10-23 09:31:27\n\"\n\"Last-Translator: Server <root@localhost>\n\"\n\"Language-Team: English <webmaster@localhost>\n\"\n\"MIME-Version: 1.0\n\"\n\"Content-Type: text/plain; charset=utf-8\n\"\n\"Content-Transfer-Encoding: 8bit\n\"\n\n#: interstorm/settings.py:154\nmsgid \"Azeri\"\nmsgstr \"Azeri\"\n\n#: interstorm/settings.py:152\nmsgid \"English\"\nmsgstr \"English\"\n\n#: interstorm/settings.py:157\nmsgid \"Farsi\"\nmsgstr \"Farsi\"\n\n#: interstorm/settings.py:155\nmsgid \"German\"\nmsgstr \"German\"\n\n#: interstorm/settings.py:153\nmsgid \"Russian\"\nmsgstr \"Russian\"\n\n#: interstorm/settings.py:156\nmsgid \"Turkish\"\nmsgstr \"Turkish\"\n'), ('40', '2019-10-24 11:30:34', '2019-10-24 11:30:34', 'tr', 'locale', 'app', 'djangojs', '#\nmsgid \"\"\nmsgstr \"\"\n\"Project-Id-Version: 0.1\n\"\n\"Report-Msgid-Bugs-To: webmaster@localhost\n\"\n\"POT-Creation-Date: 2019-10-23 09:31:27\n\"\n\"PO-Revision-Date: 2019-10-23 09:31:27\n\"\n\"Last-Translator: Server <root@localhost>\n\"\n\"Language-Team: English <webmaster@localhost>\n\"\n\"MIME-Version: 1.0\n\"\n\"Content-Type: text/plain; charset=utf-8\n\"\n\"Content-Transfer-Encoding: 8bit\n\"\n'), ('41', '2019-10-24 11:30:34', '2019-10-24 11:30:34', 'fa', 'locale', 'app', 'django', '#\nmsgid \"\"\nmsgstr \"\"\n\"Project-Id-Version: 0.1\n\"\n\"Report-Msgid-Bugs-To: webmaster@localhost\n\"\n\"POT-Creation-Date: 2019-10-23 09:31:27\n\"\n\"PO-Revision-Date: 2019-10-23 09:31:27\n\"\n\"Last-Translator: Server <root@localhost>\n\"\n\"Language-Team: English <webmaster@localhost>\n\"\n\"MIME-Version: 1.0\n\"\n\"Content-Type: text/plain; charset=utf-8\n\"\n\"Content-Transfer-Encoding: 8bit\n\"\n\n#: interstorm/settings.py:154\nmsgid \"Azeri\"\nmsgstr \"Azeri\"\n\n#: interstorm/settings.py:152\nmsgid \"English\"\nmsgstr \"English\"\n\n#: interstorm/settings.py:157\nmsgid \"Farsi\"\nmsgstr \"Farsi\"\n\n#: interstorm/settings.py:155\nmsgid \"German\"\nmsgstr \"German\"\n\n#: interstorm/settings.py:153\nmsgid \"Russian\"\nmsgstr \"Russian\"\n\n#: interstorm/settings.py:156\nmsgid \"Turkish\"\nmsgstr \"Turkish\"\n'), ('42', '2019-10-24 11:30:34', '2019-10-24 11:30:34', 'fa', 'locale', 'app', 'djangojs', '#\nmsgid \"\"\nmsgstr \"\"\n\"Project-Id-Version: 0.1\n\"\n\"Report-Msgid-Bugs-To: webmaster@localhost\n\"\n\"POT-Creation-Date: 2019-10-23 09:31:27\n\"\n\"PO-Revision-Date: 2019-10-23 09:31:27\n\"\n\"Last-Translator: Server <root@localhost>\n\"\n\"Language-Team: English <webmaster@localhost>\n\"\n\"MIME-Version: 1.0\n\"\n\"Content-Type: text/plain; charset=utf-8\n\"\n\"Content-Transfer-Encoding: 8bit\n\"\n'), ('43', '2019-10-24 11:30:36', '2019-10-24 11:30:36', 'en', 'locale', 'app', 'django', '#\nmsgid \"\"\nmsgstr \"\"\n\"Project-Id-Version: 0.1\n\"\n\"Report-Msgid-Bugs-To: \n\"\n\"POT-Creation-Date: 2019-10-24 11:30+0000\n\"\n\"PO-Revision-Date: 2019-10-23 09:31:27\n\"\n\"Last-Translator: Server <root@localhost>\n\"\n\"Language-Team: English <webmaster@localhost>\n\"\n\"Language: en\n\"\n\"MIME-Version: 1.0\n\"\n\"Content-Type: text/plain; charset=UTF-8\n\"\n\"Content-Transfer-Encoding: 8bit\n\"\n\n#: interstorm_wheel/templates/home.html:69\nmsgid \"TEXT_WAITING_CLAIM_BONUS\"\nmsgstr \"Waiting to claim bonus\"\n\n#: interstorm_wheel/templates/home.html:89\n#: interstorm_wheel/templates/home.html:143\nmsgid \"TEXT_HOW_TO_PLAY\"\nmsgstr \"Wheel of Fortune\"\n\n#: interstorm_wheel/templates/home.html:92\n#: interstorm_wheel/templates/home.html:146\nmsgid \"TEXT_STEP_1\"\nmsgstr \"Spin the wheel\"\n\n#: interstorm_wheel/templates/home.html:93\n#: interstorm_wheel/templates/home.html:147\nmsgid \"TEXT_STEP_2\"\nmsgstr \"and receive a bonus\"\n\n#: interstorm_wheel/templates/home.html:94\n#: interstorm_wheel/templates/home.html:148\nmsgid \"TEXT_STEP_3\"\nmsgstr \"on your funds deposit\"\n\n#: interstorm_wheel/templates/home.html:95\n#: interstorm_wheel/templates/home.html:149\nmsgid \"TEXT_STEP_4\"\nmsgstr \"of 20%, 25%, 30%\"\n\n#: interstorm_wheel/templates/home.html:96\n#: interstorm_wheel/templates/home.html:150\nmsgid \"TEXT_STEP_5\"\nmsgstr \"or 100% jackpot!\"\n\n#: interstorm_wheel/templates/home.html:97\n#: interstorm_wheel/templates/home.html:151\nmsgid \"TEXT_STEP_6\"\nmsgstr \"Good Luck!\"\n\n#: interstorm_wheel/templates/home.html:105\n#: interstorm_wheel/templates/home.html:138\n#, fuzzy\n#| msgid \"TEXT_STEP_1\"\nmsgid \"TEXT_SPIN\"\nmsgstr \"Spin the wheel\"\n\n#: templates/admin/translation_manager/change_list.html:8\nmsgid \"admin-translation_manager-compile_translations\"\nmsgstr \"\"\n\n#: templates/admin/translation_manager/change_list.html:15\n#: templates/admin/translation_manager/change_list.html:92\nmsgid \"admin-translation_manager-make_translations\"\nmsgstr \"\"\n\n#: templates/admin/translation_manager/change_list.html:23\nmsgid \"admin-translation_manager-load-from-po\"\nmsgstr \"\"\n\n#: templates/admin/translation_manager/change_list.html:31\nmsgid \"admin-translation_manager-sync_with_remote_url\"\nmsgstr \"\"\n\n#: templates/admin/translation_manager/change_list.html:46\n#: templates/admin/translation_manager/change_list.html:70\nmsgid \"admin-translation_manager-makemessages-running\"\nmsgstr \"\"\n\n#~ msgid \"Azeri\"\n#~ msgstr \"Azeri\"\n\n#~ msgid \"English\"\n#~ msgstr \"English\"\n\n#~ msgid \"Farsi\"\n#~ msgstr \"Farsi\"\n\n#~ msgid \"German\"\n#~ msgstr \"German\"\n\n#~ msgid \"Russian\"\n#~ msgstr \"Russian\"\n\n#~ msgid \"Turkish\"\n#~ msgstr \"Turkish\"\n'), ('44', '2019-10-24 11:30:36', '2019-10-24 11:30:36', 'en', 'locale', 'app', 'djangojs', '#\nmsgid \"\"\nmsgstr \"\"\n\"Project-Id-Version: 0.1\n\"\n\"Report-Msgid-Bugs-To: webmaster@localhost\n\"\n\"POT-Creation-Date: 2019-10-23 09:31:27\n\"\n\"PO-Revision-Date: 2019-10-23 09:31:27\n\"\n\"Last-Translator: Server <root@localhost>\n\"\n\"Language-Team: English <webmaster@localhost>\n\"\n\"MIME-Version: 1.0\n\"\n\"Content-Type: text/plain; charset=utf-8\n\"\n\"Content-Transfer-Encoding: 8bit\n\"\n\n#: static/js/utilities.js:67\nmsgid \"Please try again\"\nmsgstr \"Please try again\"\n\n#: static/js/wheel.js:322\nmsgid \"TEXT_JS_NOT_LOGGED_IN\"\nmsgstr \"Not logged-in\"\n'), ('45', '2019-10-24 11:30:36', '2019-10-24 11:30:36', 'ru', 'locale', 'app', 'django', '#\nmsgid \"\"\nmsgstr \"\"\n\"Project-Id-Version: 0.1\n\"\n\"Report-Msgid-Bugs-To: \n\"\n\"POT-Creation-Date: 2019-10-24 11:30+0000\n\"\n\"PO-Revision-Date: 2019-10-23 09:31:27\n\"\n\"Last-Translator: Server <root@localhost>\n\"\n\"Language-Team: English <webmaster@localhost>\n\"\n\"Language: en\n\"\n\"MIME-Version: 1.0\n\"\n\"Content-Type: text/plain; charset=UTF-8\n\"\n\"Content-Transfer-Encoding: 8bit\n\"\n\n#: interstorm_wheel/templates/home.html:69\nmsgid \"TEXT_WAITING_CLAIM_BONUS\"\nmsgstr \"\"\n\n#: interstorm_wheel/templates/home.html:89\n#: interstorm_wheel/templates/home.html:143\nmsgid \"TEXT_HOW_TO_PLAY\"\nmsgstr \"\"\n\n#: interstorm_wheel/templates/home.html:92\n#: interstorm_wheel/templates/home.html:146\nmsgid \"TEXT_STEP_1\"\nmsgstr \"\"\n\n#: interstorm_wheel/templates/home.html:93\n#: interstorm_wheel/templates/home.html:147\nmsgid \"TEXT_STEP_2\"\nmsgstr \"\"\n\n#: interstorm_wheel/templates/home.html:94\n#: interstorm_wheel/templates/home.html:148\nmsgid \"TEXT_STEP_3\"\nmsgstr \"\"\n\n#: interstorm_wheel/templates/home.html:95\n#: interstorm_wheel/templates/home.html:149\nmsgid \"TEXT_STEP_4\"\nmsgstr \"\"\n\n#: interstorm_wheel/templates/home.html:96\n#: interstorm_wheel/templates/home.html:150\nmsgid \"TEXT_STEP_5\"\nmsgstr \"\"\n\n#: interstorm_wheel/templates/home.html:97\n#: interstorm_wheel/templates/home.html:151\nmsgid \"TEXT_STEP_6\"\nmsgstr \"\"\n\n#: interstorm_wheel/templates/home.html:105\n#: interstorm_wheel/templates/home.html:138\nmsgid \"TEXT_SPIN\"\nmsgstr \"\"\n\n#: templates/admin/translation_manager/change_list.html:8\nmsgid \"admin-translation_manager-compile_translations\"\nmsgstr \"\"\n\n#: templates/admin/translation_manager/change_list.html:15\n#: templates/admin/translation_manager/change_list.html:92\nmsgid \"admin-translation_manager-make_translations\"\nmsgstr \"\"\n\n#: templates/admin/translation_manager/change_list.html:23\nmsgid \"admin-translation_manager-load-from-po\"\nmsgstr \"\"\n\n#: templates/admin/translation_manager/change_list.html:31\nmsgid \"admin-translation_manager-sync_with_remote_url\"\nmsgstr \"\"\n\n#: templates/admin/translation_manager/change_list.html:46\n#: templates/admin/translation_manager/change_list.html:70\nmsgid \"admin-translation_manager-makemessages-running\"\nmsgstr \"\"\n\n#~ msgid \"Azeri\"\n#~ msgstr \"Azeri\"\n\n#~ msgid \"English\"\n#~ msgstr \"English\"\n\n#~ msgid \"Farsi\"\n#~ msgstr \"Farsi\"\n\n#~ msgid \"German\"\n#~ msgstr \"German\"\n\n#~ msgid \"Russian\"\n#~ msgstr \"Russian\"\n\n#~ msgid \"Turkish\"\n#~ msgstr \"Turkish\"\n'), ('46', '2019-10-24 11:30:36', '2019-10-24 11:30:36', 'ru', 'locale', 'app', 'djangojs', '#\nmsgid \"\"\nmsgstr \"\"\n\"Project-Id-Version: 0.1\n\"\n\"Report-Msgid-Bugs-To: webmaster@localhost\n\"\n\"POT-Creation-Date: 2019-10-23 09:31:27\n\"\n\"PO-Revision-Date: 2019-10-23 09:31:27\n\"\n\"Last-Translator: Server <root@localhost>\n\"\n\"Language-Team: English <webmaster@localhost>\n\"\n\"MIME-Version: 1.0\n\"\n\"Content-Type: text/plain; charset=utf-8\n\"\n\"Content-Transfer-Encoding: 8bit\n\"\n'), ('47', '2019-10-24 11:30:36', '2019-10-24 11:30:36', 'az', 'locale', 'app', 'django', '#\nmsgid \"\"\nmsgstr \"\"\n\"Project-Id-Version: 0.1\n\"\n\"Report-Msgid-Bugs-To: \n\"\n\"POT-Creation-Date: 2019-10-24 11:30+0000\n\"\n\"PO-Revision-Date: 2019-10-23 09:31:27\n\"\n\"Last-Translator: Server <root@localhost>\n\"\n\"Language-Team: English <webmaster@localhost>\n\"\n\"Language: en\n\"\n\"MIME-Version: 1.0\n\"\n\"Content-Type: text/plain; charset=UTF-8\n\"\n\"Content-Transfer-Encoding: 8bit\n\"\n\n#: interstorm_wheel/templates/home.html:69\nmsgid \"TEXT_WAITING_CLAIM_BONUS\"\nmsgstr \"\"\n\n#: interstorm_wheel/templates/home.html:89\n#: interstorm_wheel/templates/home.html:143\nmsgid \"TEXT_HOW_TO_PLAY\"\nmsgstr \"\"\n\n#: interstorm_wheel/templates/home.html:92\n#: interstorm_wheel/templates/home.html:146\nmsgid \"TEXT_STEP_1\"\nmsgstr \"\"\n\n#: interstorm_wheel/templates/home.html:93\n#: interstorm_wheel/templates/home.html:147\nmsgid \"TEXT_STEP_2\"\nmsgstr \"\"\n\n#: interstorm_wheel/templates/home.html:94\n#: interstorm_wheel/templates/home.html:148\nmsgid \"TEXT_STEP_3\"\nmsgstr \"\"\n\n#: interstorm_wheel/templates/home.html:95\n#: interstorm_wheel/templates/home.html:149\nmsgid \"TEXT_STEP_4\"\nmsgstr \"\"\n\n#: interstorm_wheel/templates/home.html:96\n#: interstorm_wheel/templates/home.html:150\nmsgid \"TEXT_STEP_5\"\nmsgstr \"\"\n\n#: interstorm_wheel/templates/home.html:97\n#: interstorm_wheel/templates/home.html:151\nmsgid \"TEXT_STEP_6\"\nmsgstr \"\"\n\n#: interstorm_wheel/templates/home.html:105\n#: interstorm_wheel/templates/home.html:138\nmsgid \"TEXT_SPIN\"\nmsgstr \"\"\n\n#: templates/admin/translation_manager/change_list.html:8\nmsgid \"admin-translation_manager-compile_translations\"\nmsgstr \"\"\n\n#: templates/admin/translation_manager/change_list.html:15\n#: templates/admin/translation_manager/change_list.html:92\nmsgid \"admin-translation_manager-make_translations\"\nmsgstr \"\"\n\n#: templates/admin/translation_manager/change_list.html:23\nmsgid \"admin-translation_manager-load-from-po\"\nmsgstr \"\"\n\n#: templates/admin/translation_manager/change_list.html:31\nmsgid \"admin-translation_manager-sync_with_remote_url\"\nmsgstr \"\"\n\n#: templates/admin/translation_manager/change_list.html:46\n#: templates/admin/translation_manager/change_list.html:70\nmsgid \"admin-translation_manager-makemessages-running\"\nmsgstr \"\"\n\n#~ msgid \"Azeri\"\n#~ msgstr \"Azeri\"\n\n#~ msgid \"English\"\n#~ msgstr \"English\"\n\n#~ msgid \"Farsi\"\n#~ msgstr \"Farsi\"\n\n#~ msgid \"German\"\n#~ msgstr \"German\"\n\n#~ msgid \"Russian\"\n#~ msgstr \"Russian\"\n\n#~ msgid \"Turkish\"\n#~ msgstr \"Turkish\"\n'), ('48', '2019-10-24 11:30:36', '2019-10-24 11:30:36', 'az', 'locale', 'app', 'djangojs', '#\nmsgid \"\"\nmsgstr \"\"\n\"Project-Id-Version: 0.1\n\"\n\"Report-Msgid-Bugs-To: webmaster@localhost\n\"\n\"POT-Creation-Date: 2019-10-23 09:31:27\n\"\n\"PO-Revision-Date: 2019-10-23 09:31:27\n\"\n\"Last-Translator: Server <root@localhost>\n\"\n\"Language-Team: English <webmaster@localhost>\n\"\n\"MIME-Version: 1.0\n\"\n\"Content-Type: text/plain; charset=utf-8\n\"\n\"Content-Transfer-Encoding: 8bit\n\"\n'), ('49', '2019-10-24 11:30:36', '2019-10-24 11:30:36', 'de', 'locale', 'app', 'django', '#\nmsgid \"\"\nmsgstr \"\"\n\"Project-Id-Version: 0.1\n\"\n\"Report-Msgid-Bugs-To: \n\"\n\"POT-Creation-Date: 2019-10-24 11:30+0000\n\"\n\"PO-Revision-Date: 2019-10-23 09:31:27\n\"\n\"Last-Translator: Server <root@localhost>\n\"\n\"Language-Team: English <webmaster@localhost>\n\"\n\"Language: en\n\"\n\"MIME-Version: 1.0\n\"\n\"Content-Type: text/plain; charset=UTF-8\n\"\n\"Content-Transfer-Encoding: 8bit\n\"\n\n#: interstorm_wheel/templates/home.html:69\nmsgid \"TEXT_WAITING_CLAIM_BONUS\"\nmsgstr \"\"\n\n#: interstorm_wheel/templates/home.html:89\n#: interstorm_wheel/templates/home.html:143\nmsgid \"TEXT_HOW_TO_PLAY\"\nmsgstr \"\"\n\n#: interstorm_wheel/templates/home.html:92\n#: interstorm_wheel/templates/home.html:146\nmsgid \"TEXT_STEP_1\"\nmsgstr \"\"\n\n#: interstorm_wheel/templates/home.html:93\n#: interstorm_wheel/templates/home.html:147\nmsgid \"TEXT_STEP_2\"\nmsgstr \"\"\n\n#: interstorm_wheel/templates/home.html:94\n#: interstorm_wheel/templates/home.html:148\nmsgid \"TEXT_STEP_3\"\nmsgstr \"\"\n\n#: interstorm_wheel/templates/home.html:95\n#: interstorm_wheel/templates/home.html:149\nmsgid \"TEXT_STEP_4\"\nmsgstr \"\"\n\n#: interstorm_wheel/templates/home.html:96\n#: interstorm_wheel/templates/home.html:150\nmsgid \"TEXT_STEP_5\"\nmsgstr \"\"\n\n#: interstorm_wheel/templates/home.html:97\n#: interstorm_wheel/templates/home.html:151\nmsgid \"TEXT_STEP_6\"\nmsgstr \"\"\n\n#: interstorm_wheel/templates/home.html:105\n#: interstorm_wheel/templates/home.html:138\nmsgid \"TEXT_SPIN\"\nmsgstr \"\"\n\n#: templates/admin/translation_manager/change_list.html:8\nmsgid \"admin-translation_manager-compile_translations\"\nmsgstr \"\"\n\n#: templates/admin/translation_manager/change_list.html:15\n#: templates/admin/translation_manager/change_list.html:92\nmsgid \"admin-translation_manager-make_translations\"\nmsgstr \"\"\n\n#: templates/admin/translation_manager/change_list.html:23\nmsgid \"admin-translation_manager-load-from-po\"\nmsgstr \"\"\n\n#: templates/admin/translation_manager/change_list.html:31\nmsgid \"admin-translation_manager-sync_with_remote_url\"\nmsgstr \"\"\n\n#: templates/admin/translation_manager/change_list.html:46\n#: templates/admin/translation_manager/change_list.html:70\nmsgid \"admin-translation_manager-makemessages-running\"\nmsgstr \"\"\n\n#~ msgid \"Azeri\"\n#~ msgstr \"Azeri\"\n\n#~ msgid \"English\"\n#~ msgstr \"English\"\n\n#~ msgid \"Farsi\"\n#~ msgstr \"Farsi\"\n\n#~ msgid \"German\"\n#~ msgstr \"German\"\n\n#~ msgid \"Russian\"\n#~ msgstr \"Russian\"\n\n#~ msgid \"Turkish\"\n#~ msgstr \"Turkish\"\n'), ('50', '2019-10-24 11:30:36', '2019-10-24 11:30:36', 'de', 'locale', 'app', 'djangojs', '#\nmsgid \"\"\nmsgstr \"\"\n\"Project-Id-Version: 0.1\n\"\n\"Report-Msgid-Bugs-To: webmaster@localhost\n\"\n\"POT-Creation-Date: 2019-10-23 09:31:27\n\"\n\"PO-Revision-Date: 2019-10-23 09:31:27\n\"\n\"Last-Translator: Server <root@localhost>\n\"\n\"Language-Team: English <webmaster@localhost>\n\"\n\"MIME-Version: 1.0\n\"\n\"Content-Type: text/plain; charset=utf-8\n\"\n\"Content-Transfer-Encoding: 8bit\n\"\n'), ('51', '2019-10-24 11:30:36', '2019-10-24 11:30:36', 'tr', 'locale', 'app', 'django', '#\nmsgid \"\"\nmsgstr \"\"\n\"Project-Id-Version: 0.1\n\"\n\"Report-Msgid-Bugs-To: \n\"\n\"POT-Creation-Date: 2019-10-24 11:30+0000\n\"\n\"PO-Revision-Date: 2019-10-23 09:31:27\n\"\n\"Last-Translator: Server <root@localhost>\n\"\n\"Language-Team: English <webmaster@localhost>\n\"\n\"Language: en\n\"\n\"MIME-Version: 1.0\n\"\n\"Content-Type: text/plain; charset=UTF-8\n\"\n\"Content-Transfer-Encoding: 8bit\n\"\n\n#: interstorm_wheel/templates/home.html:69\nmsgid \"TEXT_WAITING_CLAIM_BONUS\"\nmsgstr \"\"\n\n#: interstorm_wheel/templates/home.html:89\n#: interstorm_wheel/templates/home.html:143\nmsgid \"TEXT_HOW_TO_PLAY\"\nmsgstr \"\"\n\n#: interstorm_wheel/templates/home.html:92\n#: interstorm_wheel/templates/home.html:146\nmsgid \"TEXT_STEP_1\"\nmsgstr \"\"\n\n#: interstorm_wheel/templates/home.html:93\n#: interstorm_wheel/templates/home.html:147\nmsgid \"TEXT_STEP_2\"\nmsgstr \"\"\n\n#: interstorm_wheel/templates/home.html:94\n#: interstorm_wheel/templates/home.html:148\nmsgid \"TEXT_STEP_3\"\nmsgstr \"\"\n\n#: interstorm_wheel/templates/home.html:95\n#: interstorm_wheel/templates/home.html:149\nmsgid \"TEXT_STEP_4\"\nmsgstr \"\"\n\n#: interstorm_wheel/templates/home.html:96\n#: interstorm_wheel/templates/home.html:150\nmsgid \"TEXT_STEP_5\"\nmsgstr \"\"\n\n#: interstorm_wheel/templates/home.html:97\n#: interstorm_wheel/templates/home.html:151\nmsgid \"TEXT_STEP_6\"\nmsgstr \"\"\n\n#: interstorm_wheel/templates/home.html:105\n#: interstorm_wheel/templates/home.html:138\nmsgid \"TEXT_SPIN\"\nmsgstr \"\"\n\n#: templates/admin/translation_manager/change_list.html:8\nmsgid \"admin-translation_manager-compile_translations\"\nmsgstr \"\"\n\n#: templates/admin/translation_manager/change_list.html:15\n#: templates/admin/translation_manager/change_list.html:92\nmsgid \"admin-translation_manager-make_translations\"\nmsgstr \"\"\n\n#: templates/admin/translation_manager/change_list.html:23\nmsgid \"admin-translation_manager-load-from-po\"\nmsgstr \"\"\n\n#: templates/admin/translation_manager/change_list.html:31\nmsgid \"admin-translation_manager-sync_with_remote_url\"\nmsgstr \"\"\n\n#: templates/admin/translation_manager/change_list.html:46\n#: templates/admin/translation_manager/change_list.html:70\nmsgid \"admin-translation_manager-makemessages-running\"\nmsgstr \"\"\n\n#~ msgid \"Azeri\"\n#~ msgstr \"Azeri\"\n\n#~ msgid \"English\"\n#~ msgstr \"English\"\n\n#~ msgid \"Farsi\"\n#~ msgstr \"Farsi\"\n\n#~ msgid \"German\"\n#~ msgstr \"German\"\n\n#~ msgid \"Russian\"\n#~ msgstr \"Russian\"\n\n#~ msgid \"Turkish\"\n#~ msgstr \"Turkish\"\n'), ('52', '2019-10-24 11:30:36', '2019-10-24 11:30:36', 'tr', 'locale', 'app', 'djangojs', '#\nmsgid \"\"\nmsgstr \"\"\n\"Project-Id-Version: 0.1\n\"\n\"Report-Msgid-Bugs-To: webmaster@localhost\n\"\n\"POT-Creation-Date: 2019-10-23 09:31:27\n\"\n\"PO-Revision-Date: 2019-10-23 09:31:27\n\"\n\"Last-Translator: Server <root@localhost>\n\"\n\"Language-Team: English <webmaster@localhost>\n\"\n\"MIME-Version: 1.0\n\"\n\"Content-Type: text/plain; charset=utf-8\n\"\n\"Content-Transfer-Encoding: 8bit\n\"\n'), ('53', '2019-10-24 11:30:36', '2019-10-24 11:30:36', 'fa', 'locale', 'app', 'django', '#\nmsgid \"\"\nmsgstr \"\"\n\"Project-Id-Version: 0.1\n\"\n\"Report-Msgid-Bugs-To: \n\"\n\"POT-Creation-Date: 2019-10-24 11:30+0000\n\"\n\"PO-Revision-Date: 2019-10-23 09:31:27\n\"\n\"Last-Translator: Server <root@localhost>\n\"\n\"Language-Team: English <webmaster@localhost>\n\"\n\"Language: en\n\"\n\"MIME-Version: 1.0\n\"\n\"Content-Type: text/plain; charset=UTF-8\n\"\n\"Content-Transfer-Encoding: 8bit\n\"\n\n#: interstorm_wheel/templates/home.html:69\nmsgid \"TEXT_WAITING_CLAIM_BONUS\"\nmsgstr \"\"\n\n#: interstorm_wheel/templates/home.html:89\n#: interstorm_wheel/templates/home.html:143\nmsgid \"TEXT_HOW_TO_PLAY\"\nmsgstr \"\"\n\n#: interstorm_wheel/templates/home.html:92\n#: interstorm_wheel/templates/home.html:146\nmsgid \"TEXT_STEP_1\"\nmsgstr \"\"\n\n#: interstorm_wheel/templates/home.html:93\n#: interstorm_wheel/templates/home.html:147\nmsgid \"TEXT_STEP_2\"\nmsgstr \"\"\n\n#: interstorm_wheel/templates/home.html:94\n#: interstorm_wheel/templates/home.html:148\nmsgid \"TEXT_STEP_3\"\nmsgstr \"\"\n\n#: interstorm_wheel/templates/home.html:95\n#: interstorm_wheel/templates/home.html:149\nmsgid \"TEXT_STEP_4\"\nmsgstr \"\"\n\n#: interstorm_wheel/templates/home.html:96\n#: interstorm_wheel/templates/home.html:150\nmsgid \"TEXT_STEP_5\"\nmsgstr \"\"\n\n#: interstorm_wheel/templates/home.html:97\n#: interstorm_wheel/templates/home.html:151\nmsgid \"TEXT_STEP_6\"\nmsgstr \"\"\n\n#: interstorm_wheel/templates/home.html:105\n#: interstorm_wheel/templates/home.html:138\nmsgid \"TEXT_SPIN\"\nmsgstr \"\"\n\n#: templates/admin/translation_manager/change_list.html:8\nmsgid \"admin-translation_manager-compile_translations\"\nmsgstr \"\"\n\n#: templates/admin/translation_manager/change_list.html:15\n#: templates/admin/translation_manager/change_list.html:92\nmsgid \"admin-translation_manager-make_translations\"\nmsgstr \"\"\n\n#: templates/admin/translation_manager/change_list.html:23\nmsgid \"admin-translation_manager-load-from-po\"\nmsgstr \"\"\n\n#: templates/admin/translation_manager/change_list.html:31\nmsgid \"admin-translation_manager-sync_with_remote_url\"\nmsgstr \"\"\n\n#: templates/admin/translation_manager/change_list.html:46\n#: templates/admin/translation_manager/change_list.html:70\nmsgid \"admin-translation_manager-makemessages-running\"\nmsgstr \"\"\n\n#~ msgid \"Azeri\"\n#~ msgstr \"Azeri\"\n\n#~ msgid \"English\"\n#~ msgstr \"English\"\n\n#~ msgid \"Farsi\"\n#~ msgstr \"Farsi\"\n\n#~ msgid \"German\"\n#~ msgstr \"German\"\n\n#~ msgid \"Russian\"\n#~ msgstr \"Russian\"\n\n#~ msgid \"Turkish\"\n#~ msgstr \"Turkish\"\n'), ('54', '2019-10-24 11:30:36', '2019-10-24 11:30:36', 'fa', 'locale', 'app', 'djangojs', '#\nmsgid \"\"\nmsgstr \"\"\n\"Project-Id-Version: 0.1\n\"\n\"Report-Msgid-Bugs-To: webmaster@localhost\n\"\n\"POT-Creation-Date: 2019-10-23 09:31:27\n\"\n\"PO-Revision-Date: 2019-10-23 09:31:27\n\"\n\"Last-Translator: Server <root@localhost>\n\"\n\"Language-Team: English <webmaster@localhost>\n\"\n\"MIME-Version: 1.0\n\"\n\"Content-Type: text/plain; charset=utf-8\n\"\n\"Content-Transfer-Encoding: 8bit\n\"\n');
COMMIT;

-- ----------------------------
--  Table structure for `translation_manager_translationentry`
-- ----------------------------
DROP TABLE IF EXISTS `translation_manager_translationentry`;
CREATE TABLE `translation_manager_translationentry` (
  `id` int(11) NOT NULL AUTO_INCREMENT,
  `created` datetime NOT NULL,
  `changed` datetime NOT NULL,
  `original` longtext NOT NULL,
  `translation` longtext NOT NULL,
  `occurrences` longtext NOT NULL,
  `is_published` tinyint(1) NOT NULL,
  `locale_path` varchar(256) NOT NULL,
  `locale_parent_dir` varchar(256) NOT NULL,
  `domain` varchar(256) NOT NULL,
  `language` varchar(7) NOT NULL,
  PRIMARY KEY (`id`),
  KEY `translation_manager_translationentry_language_6686a890` (`language`),
  KEY `translation_manager_translationentry_locale_path_a2c0cb51` (`locale_path`(255)),
  KEY `translation_manager_translationentry_locale_parent_dir_bdccb68e` (`locale_parent_dir`(255)),
  KEY `translation_manager_translationentry_domain_4c731b1c` (`domain`(255))
) ENGINE=InnoDB AUTO_INCREMENT=223 DEFAULT CHARSET=utf8;

-- ----------------------------
--  Records of `translation_manager_translationentry`
-- ----------------------------
BEGIN;
INSERT INTO `translation_manager_translationentry` VALUES ('1', '2019-10-10 04:26:16', '2019-10-28 14:58:48', 'TEXT_WAITING_CLAIM_BONUS', 'Bonus elde etmek iin bekleme', 'interstorm_wheel/templates/home.html:69', '1', 'locale', 'app', 'django', 'tr'), ('2', '2019-10-10 04:26:16', '2019-10-28 14:20:12', 'TEXT_HOW_TO_PLAY', 'arkfelek', 'interstorm_wheel/templates/home.html:89\ninterstorm_wheel/templates/home.html:143', '1', 'locale', 'app', 'django', 'tr'), ('3', '2019-10-10 04:26:16', '2019-10-28 14:57:53', 'TEXT_STEP_1', 'ark dndr', 'interstorm_wheel/templates/home.html:92\ninterstorm_wheel/templates/home.html:146', '1', 'locale', 'app', 'django', 'tr'), ('4', '2019-10-10 04:26:16', '2019-10-28 14:57:53', 'TEXT_STEP_2', 've bonus al', 'interstorm_wheel/templates/home.html:93\ninterstorm_wheel/templates/home.html:147', '1', 'locale', 'app', 'django', 'tr'), ('5', '2019-10-10 04:26:16', '2019-10-28 14:57:53', 'TEXT_STEP_3', 'para yatrmnza', 'interstorm_wheel/templates/home.html:94\ninterstorm_wheel/templates/home.html:148', '1', 'locale', 'app', 'django', 'tr'), ('6', '2019-10-10 04:26:16', '2019-10-28 14:57:53', 'TEXT_STEP_4', '20%, 25%, 30%', 'interstorm_wheel/templates/home.html:95\ninterstorm_wheel/templates/home.html:149', '1', 'locale', 'app', 'django', 'tr'), ('7', '2019-10-10 04:26:16', '2019-10-28 14:57:54', 'TEXT_STEP_5', 'veya 100% jackpot!', 'interstorm_wheel/templates/home.html:96\ninterstorm_wheel/templates/home.html:150', '1', 'locale', 'app', 'django', 'tr'), ('8', '2019-10-10 04:26:16', '2019-10-28 14:57:54', 'TEXT_STEP_6', 'Baarlar!', 'interstorm_wheel/templates/home.html:97\ninterstorm_wheel/templates/home.html:151', '1', 'locale', 'app', 'django', 'tr'), ('9', '2019-10-10 04:26:16', '2019-10-28 15:10:27', 'TEXT_SPIN', 'Dndrme', 'interstorm_wheel/templates/home.html:105\ninterstorm_wheel/templates/home.html:138', '1', 'locale', 'app', 'django', 'tr'), ('10', '2019-10-10 04:26:16', '2019-10-23 09:30:17', 'TEXT_WAITING_CLAIM_BONUS', 'Waiting to claim bonus', 'interstorm_wheel/templates/home.html:69', '1', 'locale', 'app', 'django', 'en'), ('11', '2019-10-10 04:26:16', '2019-10-23 09:30:17', 'TEXT_HOW_TO_PLAY', 'Wheel of Fortune', 'interstorm_wheel/templates/home.html:89\ninterstorm_wheel/templates/home.html:143', '1', 'locale', 'app', 'django', 'en'), ('12', '2019-10-10 04:26:16', '2019-10-23 09:30:17', 'TEXT_STEP_1', 'Spin the wheel', 'interstorm_wheel/templates/home.html:92\ninterstorm_wheel/templates/home.html:146', '1', 'locale', 'app', 'django', 'en'), ('13', '2019-10-10 04:26:16', '2019-10-23 09:30:17', 'TEXT_STEP_2', 'and receive a bonus', 'interstorm_wheel/templates/home.html:93\ninterstorm_wheel/templates/home.html:147', '1', 'locale', 'app', 'django', 'en'), ('14', '2019-10-10 04:26:16', '2019-10-23 09:30:17', 'TEXT_STEP_3', 'on your funds deposit', 'interstorm_wheel/templates/home.html:94\ninterstorm_wheel/templates/home.html:148', '1', 'locale', 'app', 'django', 'en'), ('15', '2019-10-10 04:26:16', '2019-10-23 09:30:17', 'TEXT_STEP_4', 'of 20%, 25%, 30%', 'interstorm_wheel/templates/home.html:95\ninterstorm_wheel/templates/home.html:149', '1', 'locale', 'app', 'django', 'en'), ('16', '2019-10-10 04:26:16', '2019-10-23 09:30:17', 'TEXT_STEP_5', 'or 100% jackpot!', 'interstorm_wheel/templates/home.html:96\ninterstorm_wheel/templates/home.html:150', '1', 'locale', 'app', 'django', 'en'), ('17', '2019-10-10 04:26:16', '2019-10-10 10:42:25', 'TEXT_STEP_6', 'Good Luck!', 'interstorm_wheel/templates/home.html:97\ninterstorm_wheel/templates/home.html:151', '1', 'locale', 'app', 'django', 'en'), ('18', '2019-10-10 04:26:16', '2019-10-28 14:57:53', 'TEXT_SPIN', 'Spin', 'interstorm_wheel/templates/home.html:105\ninterstorm_wheel/templates/home.html:138', '1', 'locale', 'app', 'django', 'en'), ('19', '2019-10-10 04:26:16', '2019-10-28 15:32:38', 'TEXT_WAITING_CLAIM_BONUS', 'Warten auf den Bonus', 'interstorm_wheel/templates/home.html:69', '1', 'locale', 'app', 'django', 'de'), ('20', '2019-10-10 04:26:16', '2019-10-28 15:02:41', 'TEXT_HOW_TO_PLAY', 'Glcksrad', 'interstorm_wheel/templates/home.html:89\ninterstorm_wheel/templates/home.html:143', '1', 'locale', 'app', 'django', 'de'), ('21', '2019-10-10 04:26:16', '2019-10-28 15:17:30', 'TEXT_STEP_1', 'Drehe das Glcksrad', 'interstorm_wheel/templates/home.html:92\ninterstorm_wheel/templates/home.html:146', '1', 'locale', 'app', 'django', 'de'), ('22', '2019-10-10 04:26:16', '2019-10-28 15:32:38', 'TEXT_STEP_2', 'und erhalte einen Bonus', 'interstorm_wheel/templates/home.html:93\ninterstorm_wheel/templates/home.html:147', '1', 'locale', 'app', 'django', 'de'), ('23', '2019-10-10 04:26:16', '2019-10-28 15:32:38', 'TEXT_STEP_3', 'auf Ihre Einzahlung', 'interstorm_wheel/templates/home.html:94\ninterstorm_wheel/templates/home.html:148', '1', 'locale', 'app', 'django', 'de'), ('24', '2019-10-10 04:26:16', '2019-10-28 15:32:38', 'TEXT_STEP_4', 'von 20%,25%,30%', 'interstorm_wheel/templates/home.html:95\ninterstorm_wheel/templates/home.html:149', '1', 'locale', 'app', 'django', 'de'), ('25', '2019-10-10 04:26:16', '2019-10-28 15:32:38', 'TEXT_STEP_5', 'oder 100% Jackpot!', 'interstorm_wheel/templates/home.html:96\ninterstorm_wheel/templates/home.html:150', '1', 'locale', 'app', 'django', 'de'), ('26', '2019-10-10 04:26:16', '2019-10-28 15:32:38', 'TEXT_STEP_6', 'Viel Glck!', 'interstorm_wheel/templates/home.html:97\ninterstorm_wheel/templates/home.html:151', '1', 'locale', 'app', 'django', 'de'), ('27', '2019-10-10 04:26:16', '2019-10-28 15:32:38', 'TEXT_SPIN', 'Spin', 'interstorm_wheel/templates/home.html:105\ninterstorm_wheel/templates/home.html:138', '1', 'locale', 'app', 'django', 'de'), ('28', '2019-10-10 04:26:16', '2019-10-28 14:58:48', 'TEXT_WAITING_CLAIM_BONUS', '   ', 'interstorm_wheel/templates/home.html:69', '1', 'locale', 'app', 'django', 'fa'), ('29', '2019-10-10 04:26:16', '2019-10-28 14:20:12', 'TEXT_HOW_TO_PLAY', '   ', 'interstorm_wheel/templates/home.html:89\ninterstorm_wheel/templates/home.html:143', '1', 'locale', 'app', 'django', 'fa'), ('30', '2019-10-10 04:26:16', '2019-10-28 14:57:53', 'TEXT_STEP_1', ' ', 'interstorm_wheel/templates/home.html:92\ninterstorm_wheel/templates/home.html:146', '1', 'locale', 'app', 'django', 'fa'), ('31', '2019-10-10 04:26:16', '2019-10-28 14:57:53', 'TEXT_STEP_2', '   ', 'interstorm_wheel/templates/home.html:93\ninterstorm_wheel/templates/home.html:147', '1', 'locale', 'app', 'django', 'fa'), ('32', '2019-10-10 04:26:16', '2019-10-28 14:57:53', 'TEXT_STEP_3', '  ', 'interstorm_wheel/templates/home.html:94\ninterstorm_wheel/templates/home.html:148', '1', 'locale', 'app', 'django', 'fa'), ('33', '2019-10-10 04:26:16', '2019-10-28 14:57:53', 'TEXT_STEP_4', ' 20  25  30', 'interstorm_wheel/templates/home.html:95\ninterstorm_wheel/templates/home.html:149', '1', 'locale', 'app', 'django', 'fa'), ('34', '2019-10-10 04:26:16', '2019-10-28 14:57:53', 'TEXT_STEP_5', ' 100 !', 'interstorm_wheel/templates/home.html:96\ninterstorm_wheel/templates/home.html:150', '1', 'locale', 'app', 'django', 'fa'), ('35', '2019-10-10 04:26:16', '2019-10-28 14:57:54', 'TEXT_STEP_6', ' !', 'interstorm_wheel/templates/home.html:97\ninterstorm_wheel/templates/home.html:151', '1', 'locale', 'app', 'django', 'fa'), ('36', '2019-10-10 04:26:16', '2019-10-28 15:46:39', 'TEXT_SPIN', '', 'interstorm_wheel/templates/home.html:105\ninterstorm_wheel/templates/home.html:138', '1', 'locale', 'app', 'django', 'fa'), ('37', '2019-10-10 04:26:16', '2019-10-28 14:58:48', 'TEXT_WAITING_CLAIM_BONUS', '  ', 'interstorm_wheel/templates/home.html:69', '1', 'locale', 'app', 'django', 'ru'), ('38', '2019-10-10 04:26:16', '2019-10-28 14:20:12', 'TEXT_HOW_TO_PLAY', ' ', 'interstorm_wheel/templates/home.html:89\ninterstorm_wheel/templates/home.html:143', '1', 'locale', 'app', 'django', 'ru'), ('39', '2019-10-10 04:26:16', '2019-10-28 14:57:53', 'TEXT_STEP_1', ' ', 'interstorm_wheel/templates/home.html:92\ninterstorm_wheel/templates/home.html:146', '1', 'locale', 'app', 'django', 'ru'), ('40', '2019-10-10 04:26:16', '2019-10-28 14:57:53', 'TEXT_STEP_2', '  ', 'interstorm_wheel/templates/home.html:93\ninterstorm_wheel/templates/home.html:147', '1', 'locale', 'app', 'django', 'ru'), ('41', '2019-10-10 04:26:16', '2019-10-28 14:57:53', 'TEXT_STEP_3', '   ', 'interstorm_wheel/templates/home.html:94\ninterstorm_wheel/templates/home.html:148', '1', 'locale', 'app', 'django', 'ru'), ('42', '2019-10-10 04:26:16', '2019-10-28 14:57:53', 'TEXT_STEP_4', '20%, 25%, 30%', 'interstorm_wheel/templates/home.html:95\ninterstorm_wheel/templates/home.html:149', '1', 'locale', 'app', 'django', 'ru'), ('43', '2019-10-10 04:26:16', '2019-10-28 14:57:54', 'TEXT_STEP_5', ' 100% !', 'interstorm_wheel/templates/home.html:96\ninterstorm_wheel/templates/home.html:150', '1', 'locale', 'app', 'django', 'ru'), ('44', '2019-10-10 04:26:16', '2019-10-28 14:57:54', 'TEXT_STEP_6', '!', 'interstorm_wheel/templates/home.html:97\ninterstorm_wheel/templates/home.html:151', '1', 'locale', 'app', 'django', 'ru'), ('45', '2019-10-10 04:26:16', '2019-10-28 15:10:27', 'TEXT_SPIN', '', 'interstorm_wheel/templates/home.html:105\ninterstorm_wheel/templates/home.html:138', '1', 'locale', 'app', 'django', 'ru'), ('46', '2019-10-10 04:26:16', '2019-10-28 14:58:48', 'TEXT_WAITING_CLAIM_BONUS', 'Bonus ld etmk n gzlm', 'interstorm_wheel/templates/home.html:69', '1', 'locale', 'app', 'django', 'az'), ('47', '2019-10-10 04:26:16', '2019-10-28 14:20:12', 'TEXT_HOW_TO_PLAY', 'Fortuna arx', 'interstorm_wheel/templates/home.html:89\ninterstorm_wheel/templates/home.html:143', '1', 'locale', 'app', 'django', 'az'), ('48', '2019-10-10 04:26:16', '2019-10-28 14:57:53', 'TEXT_STEP_1', 'arx frlat', 'interstorm_wheel/templates/home.html:92\ninterstorm_wheel/templates/home.html:146', '1', 'locale', 'app', 'django', 'az'), ('49', '2019-10-10 04:26:16', '2019-10-28 14:57:53', 'TEXT_STEP_2', 'v bonus al', 'interstorm_wheel/templates/home.html:93\ninterstorm_wheel/templates/home.html:147', '1', 'locale', 'app', 'django', 'az'), ('50', '2019-10-10 04:26:16', '2019-10-28 14:57:53', 'TEXT_STEP_3', 'depozitiniz', 'interstorm_wheel/templates/home.html:94\ninterstorm_wheel/templates/home.html:148', '1', 'locale', 'app', 'django', 'az'), ('51', '2019-10-10 04:26:16', '2019-10-28 14:57:53', 'TEXT_STEP_4', '20%, 25%, 30%', 'interstorm_wheel/templates/home.html:95\ninterstorm_wheel/templates/home.html:149', '1', 'locale', 'app', 'django', 'az'), ('52', '2019-10-10 04:26:16', '2019-10-28 14:57:53', 'TEXT_STEP_5', 'v ya 100% jackpot!', 'interstorm_wheel/templates/home.html:96\ninterstorm_wheel/templates/home.html:150', '1', 'locale', 'app', 'django', 'az'), ('53', '2019-10-10 04:26:16', '2019-10-28 14:57:54', 'TEXT_STEP_6', 'Uurlar!', 'interstorm_wheel/templates/home.html:97\ninterstorm_wheel/templates/home.html:151', '1', 'locale', 'app', 'django', 'az'), ('54', '2019-10-10 04:26:16', '2019-10-28 15:10:27', 'TEXT_SPIN', 'Dndrm', 'interstorm_wheel/templates/home.html:105\ninterstorm_wheel/templates/home.html:138', '1', 'locale', 'app', 'django', 'az'), ('55', '2019-10-10 04:27:01', '2019-10-21 11:05:30', 'English', 'English', 'interstorm/settings.py:152', '1', 'locale', 'app', 'django', 'tr'), ('56', '2019-10-10 04:27:01', '2019-10-28 15:07:08', 'Russian', '', 'interstorm/settings.py:153', '1', 'locale', 'app', 'django', 'tr'), ('57', '2019-10-10 04:27:01', '2019-10-28 15:05:09', 'Azeri', 'Azrbaycan Dili', 'interstorm/settings.py:154', '1', 'locale', 'app', 'django', 'tr'), ('58', '2019-10-10 04:27:01', '2019-10-28 15:05:31', 'German', 'Deutsch', 'interstorm/settings.py:155', '1', 'locale', 'app', 'django', 'tr'), ('59', '2019-10-10 04:27:01', '2019-10-28 15:07:46', 'Turkish', 'Trke', 'interstorm/settings.py:156', '1', 'locale', 'app', 'django', 'tr'), ('60', '2019-10-10 04:27:01', '2019-10-28 15:06:08', 'Farsi', '', 'interstorm/settings.py:157', '1', 'locale', 'app', 'django', 'tr'), ('61', '2019-10-10 04:27:01', '2019-10-10 04:27:01', 'admin-translation_manager-compile_translations', '', 'templates/admin/translation_manager/change_list.html:8', '1', 'locale', 'app', 'django', 'tr'), ('62', '2019-10-10 04:27:01', '2019-10-10 04:27:01', 'admin-translation_manager-make_translations', '', 'templates/admin/translation_manager/change_list.html:15\ntemplates/admin/translation_manager/change_list.html:92', '1', 'locale', 'app', 'django', 'tr'), ('63', '2019-10-10 04:27:02', '2019-10-10 04:27:02', 'admin-translation_manager-load-from-po', '', 'templates/admin/translation_manager/change_list.html:23', '1', 'locale', 'app', 'django', 'tr'), ('64', '2019-10-10 04:27:02', '2019-10-10 04:27:02', 'admin-translation_manager-sync_with_remote_url', '', 'templates/admin/translation_manager/change_list.html:31', '1', 'locale', 'app', 'django', 'tr'), ('65', '2019-10-10 04:27:02', '2019-10-10 04:27:02', 'admin-translation_manager-makemessages-running', '', 'templates/admin/translation_manager/change_list.html:46\ntemplates/admin/translation_manager/change_list.html:70', '1', 'locale', 'app', 'django', 'tr'), ('66', '2019-10-10 04:27:02', '2019-10-21 11:05:30', 'English', 'English', 'interstorm/settings.py:152', '1', 'locale', 'app', 'django', 'en'), ('67', '2019-10-10 04:27:02', '2019-10-28 15:07:08', 'Russian', '', 'interstorm/settings.py:153', '1', 'locale', 'app', 'django', 'en'), ('68', '2019-10-10 04:27:02', '2019-10-28 15:05:09', 'Azeri', 'Azrbaycan Dili', 'interstorm/settings.py:154', '1', 'locale', 'app', 'django', 'en'), ('69', '2019-10-10 04:27:02', '2019-10-28 15:05:31', 'German', 'Deutsch', 'interstorm/settings.py:155', '1', 'locale', 'app', 'django', 'en'), ('70', '2019-10-10 04:27:02', '2019-10-28 15:07:46', 'Turkish', 'Trke', 'interstorm/settings.py:156', '1', 'locale', 'app', 'django', 'en'), ('71', '2019-10-10 04:27:02', '2019-10-28 15:06:08', 'Farsi', '', 'interstorm/settings.py:157', '1', 'locale', 'app', 'django', 'en'), ('72', '2019-10-10 04:27:02', '2019-10-10 04:27:02', 'admin-translation_manager-compile_translations', '', 'templates/admin/translation_manager/change_list.html:8', '1', 'locale', 'app', 'django', 'en'), ('73', '2019-10-10 04:27:02', '2019-10-10 04:27:02', 'admin-translation_manager-make_translations', '', 'templates/admin/translation_manager/change_list.html:15\ntemplates/admin/translation_manager/change_list.html:92', '1', 'locale', 'app', 'django', 'en'), ('74', '2019-10-10 04:27:02', '2019-10-10 04:27:02', 'admin-translation_manager-load-from-po', '', 'templates/admin/translation_manager/change_list.html:23', '1', 'locale', 'app', 'django', 'en'), ('75', '2019-10-10 04:27:02', '2019-10-10 04:27:02', 'admin-translation_manager-sync_with_remote_url', '', 'templates/admin/translation_manager/change_list.html:31', '1', 'locale', 'app', 'django', 'en'), ('76', '2019-10-10 04:27:02', '2019-10-10 04:27:02', 'admin-translation_manager-makemessages-running', '', 'templates/admin/translation_manager/change_list.html:46\ntemplates/admin/translation_manager/change_list.html:70', '1', 'locale', 'app', 'django', 'en'), ('77', '2019-10-10 04:27:03', '2019-10-21 11:05:30', 'English', 'English', 'interstorm/settings.py:152', '1', 'locale', 'app', 'django', 'de'), ('78', '2019-10-10 04:27:03', '2019-10-28 15:07:08', 'Russian', '', 'interstorm/settings.py:153', '1', 'locale', 'app', 'django', 'de'), ('79', '2019-10-10 04:27:03', '2019-10-28 15:05:09', 'Azeri', 'Azrbaycan Dili', 'interstorm/settings.py:154', '1', 'locale', 'app', 'django', 'de'), ('80', '2019-10-10 04:27:03', '2019-10-28 15:05:31', 'German', 'Deutsch', 'interstorm/settings.py:155', '1', 'locale', 'app', 'django', 'de'), ('81', '2019-10-10 04:27:03', '2019-10-28 15:07:46', 'Turkish', 'Trke', 'interstorm/settings.py:156', '1', 'locale', 'app', 'django', 'de'), ('82', '2019-10-10 04:27:03', '2019-10-28 15:06:08', 'Farsi', '', 'interstorm/settings.py:157', '1', 'locale', 'app', 'django', 'de'), ('83', '2019-10-10 04:27:03', '2019-10-10 04:27:03', 'admin-translation_manager-compile_translations', '', 'templates/admin/translation_manager/change_list.html:8', '1', 'locale', 'app', 'django', 'de'), ('84', '2019-10-10 04:27:03', '2019-10-10 04:27:03', 'admin-translation_manager-make_translations', '', 'templates/admin/translation_manager/change_list.html:15\ntemplates/admin/translation_manager/change_list.html:92', '1', 'locale', 'app', 'django', 'de'), ('85', '2019-10-10 04:27:03', '2019-10-10 04:27:03', 'admin-translation_manager-load-from-po', '', 'templates/admin/translation_manager/change_list.html:23', '1', 'locale', 'app', 'django', 'de'), ('86', '2019-10-10 04:27:03', '2019-10-10 04:27:03', 'admin-translation_manager-sync_with_remote_url', '', 'templates/admin/translation_manager/change_list.html:31', '1', 'locale', 'app', 'django', 'de'), ('87', '2019-10-10 04:27:03', '2019-10-10 04:27:03', 'admin-translation_manager-makemessages-running', '', 'templates/admin/translation_manager/change_list.html:46\ntemplates/admin/translation_manager/change_list.html:70', '1', 'locale', 'app', 'django', 'de'), ('88', '2019-10-10 04:27:04', '2019-10-21 11:05:30', 'English', 'English', 'interstorm/settings.py:152', '1', 'locale', 'app', 'django', 'fa'), ('89', '2019-10-10 04:27:04', '2019-10-28 15:07:08', 'Russian', '', 'interstorm/settings.py:153', '1', 'locale', 'app', 'django', 'fa'), ('90', '2019-10-10 04:27:04', '2019-10-28 15:05:09', 'Azeri', 'Azrbaycan Dili', 'interstorm/settings.py:154', '1', 'locale', 'app', 'django', 'fa'), ('91', '2019-10-10 04:27:04', '2019-10-28 15:05:31', 'German', 'Deutsch', 'interstorm/settings.py:155', '1', 'locale', 'app', 'django', 'fa'), ('92', '2019-10-10 04:27:04', '2019-10-28 15:07:46', 'Turkish', 'Trke', 'interstorm/settings.py:156', '1', 'locale', 'app', 'django', 'fa'), ('93', '2019-10-10 04:27:04', '2019-10-28 15:06:08', 'Farsi', '', 'interstorm/settings.py:157', '1', 'locale', 'app', 'django', 'fa'), ('94', '2019-10-10 04:27:04', '2019-10-10 04:27:04', 'admin-translation_manager-compile_translations', '', 'templates/admin/translation_manager/change_list.html:8', '1', 'locale', 'app', 'django', 'fa'), ('95', '2019-10-10 04:27:04', '2019-10-10 04:27:04', 'admin-translation_manager-make_translations', '', 'templates/admin/translation_manager/change_list.html:15\ntemplates/admin/translation_manager/change_list.html:92', '1', 'locale', 'app', 'django', 'fa'), ('96', '2019-10-10 04:27:04', '2019-10-10 04:27:04', 'admin-translation_manager-load-from-po', '', 'templates/admin/translation_manager/change_list.html:23', '1', 'locale', 'app', 'django', 'fa'), ('97', '2019-10-10 04:27:04', '2019-10-10 04:27:04', 'admin-translation_manager-sync_with_remote_url', '', 'templates/admin/translation_manager/change_list.html:31', '1', 'locale', 'app', 'django', 'fa'), ('98', '2019-10-10 04:27:04', '2019-10-10 04:27:04', 'admin-translation_manager-makemessages-running', '', 'templates/admin/translation_manager/change_list.html:46\ntemplates/admin/translation_manager/change_list.html:70', '1', 'locale', 'app', 'django', 'fa'), ('99', '2019-10-10 04:27:05', '2019-10-21 11:05:30', 'English', 'English', 'interstorm/settings.py:152', '1', 'locale', 'app', 'django', 'ru'), ('100', '2019-10-10 04:27:05', '2019-10-28 15:07:08', 'Russian', '', 'interstorm/settings.py:153', '1', 'locale', 'app', 'django', 'ru'), ('101', '2019-10-10 04:27:05', '2019-10-28 15:05:09', 'Azeri', 'Azrbaycan Dili', 'interstorm/settings.py:154', '1', 'locale', 'app', 'django', 'ru'), ('102', '2019-10-10 04:27:05', '2019-10-28 15:05:31', 'German', 'Deutsch', 'interstorm/settings.py:155', '1', 'locale', 'app', 'django', 'ru'), ('103', '2019-10-10 04:27:05', '2019-10-28 15:07:46', 'Turkish', 'Trke', 'interstorm/settings.py:156', '1', 'locale', 'app', 'django', 'ru'), ('104', '2019-10-10 04:27:05', '2019-10-28 15:06:08', 'Farsi', '', 'interstorm/settings.py:157', '1', 'locale', 'app', 'django', 'ru'), ('105', '2019-10-10 04:27:05', '2019-10-10 04:27:05', 'admin-translation_manager-compile_translations', '', 'templates/admin/translation_manager/change_list.html:8', '1', 'locale', 'app', 'django', 'ru'), ('106', '2019-10-10 04:27:05', '2019-10-10 04:27:05', 'admin-translation_manager-make_translations', '', 'templates/admin/translation_manager/change_list.html:15\ntemplates/admin/translation_manager/change_list.html:92', '1', 'locale', 'app', 'django', 'ru'), ('107', '2019-10-10 04:27:05', '2019-10-10 04:27:05', 'admin-translation_manager-load-from-po', '', 'templates/admin/translation_manager/change_list.html:23', '1', 'locale', 'app', 'django', 'ru'), ('108', '2019-10-10 04:27:05', '2019-10-10 04:27:05', 'admin-translation_manager-sync_with_remote_url', '', 'templates/admin/translation_manager/change_list.html:31', '1', 'locale', 'app', 'django', 'ru'), ('109', '2019-10-10 04:27:05', '2019-10-10 04:27:05', 'admin-translation_manager-makemessages-running', '', 'templates/admin/translation_manager/change_list.html:46\ntemplates/admin/translation_manager/change_list.html:70', '1', 'locale', 'app', 'django', 'ru'), ('110', '2019-10-10 04:27:05', '2019-10-21 11:05:30', 'English', 'English', 'interstorm/settings.py:152', '1', 'locale', 'app', 'django', 'az'), ('111', '2019-10-10 04:27:05', '2019-10-28 15:07:07', 'Russian', '', 'interstorm/settings.py:153', '1', 'locale', 'app', 'django', 'az'), ('112', '2019-10-10 04:27:05', '2019-10-28 15:05:09', 'Azeri', 'Azrbaycan Dili', 'interstorm/settings.py:154', '1', 'locale', 'app', 'django', 'az'), ('113', '2019-10-10 04:27:05', '2019-10-28 15:05:31', 'German', 'Deutsch', 'interstorm/settings.py:155', '1', 'locale', 'app', 'django', 'az'), ('114', '2019-10-10 04:27:05', '2019-10-28 15:07:46', 'Turkish', 'Trke', 'interstorm/settings.py:156', '1', 'locale', 'app', 'django', 'az'), ('115', '2019-10-10 04:27:05', '2019-10-28 15:06:08', 'Farsi', '', 'interstorm/settings.py:157', '1', 'locale', 'app', 'django', 'az'), ('116', '2019-10-10 04:27:05', '2019-10-10 04:27:05', 'admin-translation_manager-compile_translations', '', 'templates/admin/translation_manager/change_list.html:8', '1', 'locale', 'app', 'django', 'az'), ('117', '2019-10-10 04:27:05', '2019-10-10 04:27:05', 'admin-translation_manager-make_translations', '', 'templates/admin/translation_manager/change_list.html:15\ntemplates/admin/translation_manager/change_list.html:92', '1', 'locale', 'app', 'django', 'az'), ('118', '2019-10-10 04:27:05', '2019-10-10 04:27:05', 'admin-translation_manager-load-from-po', '', 'templates/admin/translation_manager/change_list.html:23', '1', 'locale', 'app', 'django', 'az'), ('119', '2019-10-10 04:27:05', '2019-10-10 04:27:05', 'admin-translation_manager-sync_with_remote_url', '', 'templates/admin/translation_manager/change_list.html:31', '1', 'locale', 'app', 'django', 'az'), ('120', '2019-10-10 04:27:05', '2019-10-10 04:27:05', 'admin-translation_manager-makemessages-running', '', 'templates/admin/translation_manager/change_list.html:46\ntemplates/admin/translation_manager/change_list.html:70', '1', 'locale', 'app', 'django', 'az'), ('121', '2019-10-10 04:27:06', '2019-10-28 14:20:12', 'Please try again', 'Ltfen, tekrar deneyiniz', 'static/js/utilities.js:67', '1', 'locale', 'app', 'djangojs', 'tr'), ('122', '2019-10-10 04:27:06', '2019-10-28 14:32:04', 'TEXT_JS_NOT_LOGGED_IN', 'Giri yapmadnz', 'static/js/wheel.js:322', '1', 'locale', 'app', 'djangojs', 'tr'), ('123', '2019-10-10 04:27:06', '2019-10-23 09:30:17', 'Please try again', 'Please try again', 'static/js/utilities.js:67', '1', 'locale', 'app', 'djangojs', 'en'), ('124', '2019-10-10 04:27:06', '2019-10-23 09:30:17', 'TEXT_JS_NOT_LOGGED_IN', 'Not logged-in', 'static/js/wheel.js:322', '1', 'locale', 'app', 'djangojs', 'en'), ('125', '2019-10-10 04:27:06', '2019-10-28 15:02:40', 'Please try again', 'Bitte versuche es erneut', 'static/js/utilities.js:67', '1', 'locale', 'app', 'djangojs', 'de'), ('126', '2019-10-10 04:27:06', '2019-10-28 15:02:41', 'TEXT_JS_NOT_LOGGED_IN', 'Nicht eingeloggt', 'static/js/wheel.js:322', '1', 'locale', 'app', 'djangojs', 'de'), ('127', '2019-10-10 04:27:06', '2019-10-28 14:20:12', 'Please try again', '   ', 'static/js/utilities.js:67', '1', 'locale', 'app', 'djangojs', 'fa'), ('128', '2019-10-10 04:27:06', '2019-10-28 14:31:28', 'TEXT_JS_NOT_LOGGED_IN', '  ', 'static/js/wheel.js:322', '1', 'locale', 'app', 'djangojs', 'fa'), ('129', '2019-10-10 04:27:06', '2019-10-28 14:20:12', 'Please try again', ',   ', 'static/js/utilities.js:67', '1', 'locale', 'app', 'djangojs', 'ru'), ('130', '2019-10-10 04:27:06', '2019-10-28 14:32:04', 'TEXT_JS_NOT_LOGGED_IN', '   ', 'static/js/wheel.js:322', '1', 'locale', 'app', 'djangojs', 'ru'), ('131', '2019-10-10 04:27:06', '2019-10-28 14:20:12', 'Please try again', 'Xahi edirik, yenidn chd edin', 'static/js/utilities.js:67', '1', 'locale', 'app', 'djangojs', 'az'), ('132', '2019-10-10 04:27:06', '2019-10-28 14:31:28', 'TEXT_JS_NOT_LOGGED_IN', 'Daxil olmadnz', 'static/js/wheel.js:322', '1', 'locale', 'app', 'djangojs', 'az'), ('133', '2019-10-24 11:30:37', '2019-10-28 14:52:22', 'TEXT_JS_NO_AVAILABLE_TITLE', 'ark u anda mevcut deil!', 'static/js/wheel.js:59\nstatic/js/wheel.js:300', '1', 'locale', 'app', 'djangojs', 'tr'), ('134', '2019-10-24 11:30:37', '2019-10-28 14:52:21', 'TEXT_JS_NO_AVAILABLE_DETAIL', 'ark dndrerek BYK kazan elde etmek ans  iin bugn para yatrn.', 'static/js/wheel.js:59\nstatic/js/wheel.js:300', '1', 'locale', 'app', 'djangojs', 'tr'), ('135', '2019-10-24 11:30:37', '2019-10-28 14:50:36', 'TEXT_JS_NO_AVAILABLE!', 'Mevcut deil!', 'static/js/wheel.js:61\nstatic/js/wheel.js:302', '1', 'locale', 'app', 'djangojs', 'tr'), ('136', '2019-10-24 11:30:37', '2019-10-28 14:27:50', 'TEXT_JS_GAMES_IS_RUNNING_TITLE', 'Loyal oyunlarda oyna', 'static/js/wheel.js:69', '1', 'locale', 'app', 'djangojs', 'tr'), ('137', '2019-10-24 11:30:37', '2019-10-28 14:25:10', 'TEXT_JS_GAMES_IS_RUNNING_DETAIL', 'Ltfen arkn dnmesini bekleyin', 'static/js/wheel.js:69', '1', 'locale', 'app', 'djangojs', 'tr'), ('138', '2019-10-24 11:30:37', '2019-10-28 14:25:10', 'TEXT_JS_GAMES_IS_RUNNING', 'ark dnyor', 'static/js/wheel.js:71', '1', 'locale', 'app', 'djangojs', 'tr'), ('139', '2019-10-24 11:30:37', '2019-10-28 14:50:36', 'TEXT_JS_NOT_LOGGED_IN_TITLE', 'ark u anda mevcut deil!', 'static/js/wheel.js:320', '1', 'locale', 'app', 'djangojs', 'tr'), ('140', '2019-10-24 11:30:37', '2019-10-28 14:50:36', 'TEXT_JS_NOT_LOGGED_IN_DETAIL', 'ark dndrerek BYK kazan elde etmek ans  iin bugn para yatrn.', 'static/js/wheel.js:320', '1', 'locale', 'app', 'djangojs', 'tr'), ('141', '2019-10-24 11:30:37', '2019-10-28 14:52:22', 'TEXT_JS_WARNING', 'Uyar!', 'static/js/wheel.js:387\nstatic/js/wheel.js:420\nstatic/js/wheel.js:432\nstatic/js/wheel.js:443', '1', 'locale', 'app', 'djangojs', 'tr'), ('142', '2019-10-24 11:30:37', '2019-10-28 14:23:48', 'TEXT_JS_DONT_HAVE_BONUS_CODE', 'Bonus kodunuz yoksa ltfen, Destek hizmetiyle irtibata geiniz.', 'static/js/wheel.js:388', '1', 'locale', 'app', 'djangojs', 'tr'), ('143', '2019-10-24 11:30:37', '2019-10-28 14:23:48', 'TEXT_JS_ERROR_BONUS_CODE', 'Bonus kodunda hata. Ltfen Destek hizmetiyle irtibata geiniz.', 'static/js/wheel.js:421\nstatic/js/wheel.js:433', '1', 'locale', 'app', 'djangojs', 'tr'), ('144', '2019-10-24 11:30:37', '2019-10-28 14:23:48', 'TEXT_JS_ERROR_GIVING_BONUS_CODE', 'Bonus kodunda hata. Ltfen Destek hizmetiyle irtibata geiniz.', 'static/js/wheel.js:444', '1', 'locale', 'app', 'djangojs', 'tr'), ('145', '2019-10-24 11:30:37', '2019-10-28 15:11:07', 'TEXT_JS_CONTACT_SUPPORT', 'Destek Hizmetiyle irtibata geiniz', 'static/js/wheel.js:444', '1', 'locale', 'app', 'djangojs', 'tr'), ('146', '2019-10-24 11:30:37', '2019-10-28 14:23:48', 'TEXT_JS_ERROR', 'Hata', 'static/js/wheel.js:818', '1', 'locale', 'app', 'djangojs', 'tr'), ('147', '2019-10-24 11:30:37', '2019-10-28 14:31:28', 'TEXT_JS_GAME_CANCEL', 'Bir hata olutu. Oyun iptal edildi', 'static/js/wheel.js:819', '1', 'locale', 'app', 'djangojs', 'tr'), ('148', '2019-10-24 11:30:37', '2019-10-24 11:37:31', 'TEXT_JS_NO_AVAILABLE_TITLE', 'The wheel is not available to you right now!', 'static/js/wheel.js:59\nstatic/js/wheel.js:300', '1', 'locale', 'app', 'djangojs', 'en'), ('149', '2019-10-24 11:30:37', '2019-10-24 11:37:31', 'TEXT_JS_NO_AVAILABLE_DETAIL', 'Deposit today to get a spin on the wheel and a chance to win BIG.', 'static/js/wheel.js:59\nstatic/js/wheel.js:300', '1', 'locale', 'app', 'djangojs', 'en'), ('150', '2019-10-24 11:30:37', '2019-10-28 08:59:35', 'TEXT_JS_NO_AVAILABLE!', 'Not available!', 'static/js/wheel.js:61\nstatic/js/wheel.js:302', '1', 'locale', 'app', 'djangojs', 'en'), ('151', '2019-10-24 11:30:37', '2019-10-24 11:37:31', 'TEXT_JS_GAMES_IS_RUNNING_TITLE', 'Play loyalty games', 'static/js/wheel.js:69', '1', 'locale', 'app', 'djangojs', 'en'), ('152', '2019-10-24 11:30:37', '2019-10-28 08:57:11', 'TEXT_JS_GAMES_IS_RUNNING_DETAIL', 'Please wait for wheel to spin', 'static/js/wheel.js:69', '1', 'locale', 'app', 'djangojs', 'en'), ('153', '2019-10-24 11:30:37', '2019-10-28 08:57:11', 'TEXT_JS_GAMES_IS_RUNNING', 'Wheel is spinning', 'static/js/wheel.js:71', '1', 'locale', 'app', 'djangojs', 'en'), ('154', '2019-10-24 11:30:37', '2019-10-24 11:37:31', 'TEXT_JS_NOT_LOGGED_IN_TITLE', 'The wheel is not available to you right now!', 'static/js/wheel.js:320', '1', 'locale', 'app', 'djangojs', 'en'), ('155', '2019-10-24 11:30:37', '2019-10-24 11:37:31', 'TEXT_JS_NOT_LOGGED_IN_DETAIL', 'Deposit today to get a spin on the wheel and a chance to win BIG.', 'static/js/wheel.js:320', '1', 'locale', 'app', 'djangojs', 'en'), ('156', '2019-10-24 11:30:37', '2019-10-24 11:37:31', 'TEXT_JS_WARNING', 'Warning!', 'static/js/wheel.js:387\nstatic/js/wheel.js:420\nstatic/js/wheel.js:432\nstatic/js/wheel.js:443', '1', 'locale', 'app', 'djangojs', 'en'), ('157', '2019-10-24 11:30:37', '2019-10-28 08:57:11', 'TEXT_JS_DONT_HAVE_BONUS_CODE', 'If you do not have a bonus code, then please contact Support', 'static/js/wheel.js:388', '1', 'locale', 'app', 'djangojs', 'en'), ('158', '2019-10-24 11:30:37', '2019-10-24 13:25:09', 'TEXT_JS_ERROR_BONUS_CODE', 'Error with bonus code. Please contact support', 'static/js/wheel.js:421\nstatic/js/wheel.js:433', '1', 'locale', 'app', 'djangojs', 'en'), ('159', '2019-10-24 11:30:37', '2019-10-28 08:57:11', 'TEXT_JS_ERROR_GIVING_BONUS_CODE', 'Error with bonus code. Please contact Support', 'static/js/wheel.js:444', '1', 'locale', 'app', 'djangojs', 'en'), ('160', '2019-10-24 11:30:37', '2019-10-28 08:57:11', 'TEXT_JS_CONTACT_SUPPORT', 'Please contact Support', 'static/js/wheel.js:444', '1', 'locale', 'app', 'djangojs', 'en'), ('161', '2019-10-24 11:30:37', '2019-10-24 13:25:09', 'TEXT_JS_ERROR', 'Error', 'static/js/wheel.js:818', '1', 'locale', 'app', 'djangojs', 'en'), ('162', '2019-10-24 11:30:37', '2019-10-28 08:57:11', 'TEXT_JS_GAME_CANCEL', 'An error occurred. Game cancelled', 'static/js/wheel.js:819', '1', 'locale', 'app', 'djangojs', 'en'), ('163', '2019-10-24 11:30:37', '2019-10-28 15:17:30', 'TEXT_JS_NO_AVAILABLE_TITLE', 'Das Glcksrad ist jetzt nicht verfgbar!', 'static/js/wheel.js:59\nstatic/js/wheel.js:300', '1', 'locale', 'app', 'djangojs', 'de'), ('164', '2019-10-24 11:30:37', '2019-10-28 15:17:29', 'TEXT_JS_NO_AVAILABLE_DETAIL', 'Zahlen Sie noch heute ein, um am Glcksrad zu drehen und die Chance zu haben, BIG zu gewinnen.', 'static/js/wheel.js:59\nstatic/js/wheel.js:300', '1', 'locale', 'app', 'djangojs', 'de'), ('165', '2019-10-24 11:30:37', '2019-10-28 15:17:29', 'TEXT_JS_NO_AVAILABLE!', 'Nicht verfgbar!', 'static/js/wheel.js:61\nstatic/js/wheel.js:302', '1', 'locale', 'app', 'djangojs', 'de'), ('166', '2019-10-24 11:30:37', '2019-10-28 15:02:41', 'TEXT_JS_GAMES_IS_RUNNING_TITLE', 'Loyalitt Spiele spielen', 'static/js/wheel.js:69', '1', 'locale', 'app', 'djangojs', 'de'), ('167', '2019-10-24 11:30:37', '2019-10-28 15:02:41', 'TEXT_JS_GAMES_IS_RUNNING_DETAIL', 'Bitte warten Sie, whrend sich das Rad dreht.', 'static/js/wheel.js:69', '1', 'locale', 'app', 'djangojs', 'de'), ('168', '2019-10-24 11:30:37', '2019-10-28 15:02:41', 'TEXT_JS_GAMES_IS_RUNNING', 'Rad dreht sich.', 'static/js/wheel.js:71', '1', 'locale', 'app', 'djangojs', 'de'), ('169', '2019-10-24 11:30:37', '2019-10-28 15:03:42', 'TEXT_JS_NOT_LOGGED_IN_TITLE', 'Zahlen Sie noch heute ein, um am Glcksrad zu drehen und die Chance zu haben, BIG zu gewinnen.', 'static/js/wheel.js:320', '1', 'locale', 'app', 'djangojs', 'de'), ('170', '2019-10-24 11:30:37', '2019-10-28 15:03:42', 'TEXT_JS_NOT_LOGGED_IN_DETAIL', 'Zahlen Sie noch heute ein, um am Glcksrad zu drehen und die Chance zu haben, BIG zu gewinnen.', 'static/js/wheel.js:320', '1', 'locale', 'app', 'djangojs', 'de'), ('171', '2019-10-24 11:30:37', '2019-10-28 15:17:30', 'TEXT_JS_WARNING', 'Warnung!', 'static/js/wheel.js:387\nstatic/js/wheel.js:420\nstatic/js/wheel.js:432\nstatic/js/wheel.js:443', '1', 'locale', 'app', 'djangojs', 'de'), ('172', '2019-10-24 11:30:37', '2019-10-28 15:02:41', 'TEXT_JS_DONT_HAVE_BONUS_CODE', 'Wenn Sie keinen Bonuscode haben,wenden Sie sich bitte an den Support.', 'static/js/wheel.js:388', '1', 'locale', 'app', 'djangojs', 'de'), ('173', '2019-10-24 11:30:37', '2019-10-28 15:02:41', 'TEXT_JS_ERROR_BONUS_CODE', 'Fehler mit Bonuscode. Bitte wenden Sie sich an den Support.', 'static/js/wheel.js:421\nstatic/js/wheel.js:433', '1', 'locale', 'app', 'djangojs', 'de'), ('174', '2019-10-24 11:30:37', '2019-10-28 15:02:41', 'TEXT_JS_ERROR_GIVING_BONUS_CODE', 'Fehler mit Bonuscode. Bitte wenden Sie sich an den Support.', 'static/js/wheel.js:444', '1', 'locale', 'app', 'djangojs', 'de'), ('175', '2019-10-24 11:30:37', '2019-10-28 15:30:40', 'TEXT_JS_CONTACT_SUPPORT', 'Bitte, wenden Sie sich an den Support', 'static/js/wheel.js:444', '1', 'locale', 'app', 'djangojs', 'de'), ('176', '2019-10-24 11:30:37', '2019-10-28 15:02:41', 'TEXT_JS_ERROR', 'Fehler', 'static/js/wheel.js:818', '1', 'locale', 'app', 'djangojs', 'de'), ('177', '2019-10-24 11:30:37', '2019-10-28 15:02:41', 'TEXT_JS_GAME_CANCEL', 'Ein Fehler ist aufgetreten. Spiel abgebrochen.', 'static/js/wheel.js:819', '1', 'locale', 'app', 'djangojs', 'de'), ('178', '2019-10-24 11:30:37', '2019-10-28 14:52:21', 'TEXT_JS_NO_AVAILABLE_TITLE', '         !', 'static/js/wheel.js:59\nstatic/js/wheel.js:300', '1', 'locale', 'app', 'djangojs', 'fa'), ('179', '2019-10-24 11:30:37', '2019-10-28 14:52:21', 'TEXT_JS_NO_AVAILABLE_DETAIL', '                ', 'static/js/wheel.js:59\nstatic/js/wheel.js:300', '1', 'locale', 'app', 'djangojs', 'fa'), ('180', '2019-10-24 11:30:37', '2019-10-28 14:50:36', 'TEXT_JS_NO_AVAILABLE!', '  !', 'static/js/wheel.js:61\nstatic/js/wheel.js:302', '1', 'locale', 'app', 'djangojs', 'fa'), ('181', '2019-10-24 11:30:37', '2019-10-28 14:27:50', 'TEXT_JS_GAMES_IS_RUNNING_TITLE', '  loyalty    ', 'static/js/wheel.js:69', '1', 'locale', 'app', 'djangojs', 'fa'), ('182', '2019-10-24 11:30:37', '2019-10-28 14:25:10', 'TEXT_JS_GAMES_IS_RUNNING_DETAIL', '    ', 'static/js/wheel.js:69', '1', 'locale', 'app', 'djangojs', 'fa'), ('183', '2019-10-24 11:30:37', '2019-10-28 14:25:10', 'TEXT_JS_GAMES_IS_RUNNING', '  ', 'static/js/wheel.js:71', '1', 'locale', 'app', 'djangojs', 'fa'), ('184', '2019-10-24 11:30:37', '2019-10-28 14:50:36', 'TEXT_JS_NOT_LOGGED_IN_TITLE', '         !', 'static/js/wheel.js:320', '1', 'locale', 'app', 'djangojs', 'fa'), ('185', '2019-10-24 11:30:37', '2019-10-28 14:50:36', 'TEXT_JS_NOT_LOGGED_IN_DETAIL', '                ', 'static/js/wheel.js:320', '1', 'locale', 'app', 'djangojs', 'fa'), ('186', '2019-10-24 11:30:37', '2019-10-28 14:52:22', 'TEXT_JS_WARNING', '!', 'static/js/wheel.js:387\nstatic/js/wheel.js:420\nstatic/js/wheel.js:432\nstatic/js/wheel.js:443', '1', 'locale', 'app', 'djangojs', 'fa'), ('187', '2019-10-24 11:30:37', '2019-10-28 14:23:48', 'TEXT_JS_DONT_HAVE_BONUS_CODE', '         ', 'static/js/wheel.js:388', '1', 'locale', 'app', 'djangojs', 'fa'), ('188', '2019-10-24 11:30:37', '2019-10-28 14:23:48', 'TEXT_JS_ERROR_BONUS_CODE', '          ', 'static/js/wheel.js:421\nstatic/js/wheel.js:433', '1', 'locale', 'app', 'djangojs', 'fa'), ('189', '2019-10-24 11:30:37', '2019-10-28 14:23:48', 'TEXT_JS_ERROR_GIVING_BONUS_CODE', '          ', 'static/js/wheel.js:444', '1', 'locale', 'app', 'djangojs', 'fa'), ('190', '2019-10-24 11:30:37', '2019-10-28 15:45:52', 'TEXT_JS_CONTACT_SUPPORT', '    ', 'static/js/wheel.js:444', '1', 'locale', 'app', 'djangojs', 'fa'), ('191', '2019-10-24 11:30:37', '2019-10-28 14:23:48', 'TEXT_JS_ERROR', '', 'static/js/wheel.js:818', '1', 'locale', 'app', 'djangojs', 'fa'), ('192', '2019-10-24 11:30:37', '2019-10-28 14:31:28', 'TEXT_JS_GAME_CANCEL', '   .  ', 'static/js/wheel.js:819', '1', 'locale', 'app', 'djangojs', 'fa'), ('193', '2019-10-24 11:30:38', '2019-10-28 14:52:22', 'TEXT_JS_NO_AVAILABLE_TITLE', '  !', 'static/js/wheel.js:59\nstatic/js/wheel.js:300', '1', 'locale', 'app', 'djangojs', 'ru'), ('194', '2019-10-24 11:30:38', '2019-10-28 14:52:21', 'TEXT_JS_NO_AVAILABLE_DETAIL', '  ,         .', 'static/js/wheel.js:59\nstatic/js/wheel.js:300', '1', 'locale', 'app', 'djangojs', 'ru'), ('195', '2019-10-24 11:30:38', '2019-10-28 14:50:36', 'TEXT_JS_NO_AVAILABLE!', '!', 'static/js/wheel.js:61\nstatic/js/wheel.js:302', '1', 'locale', 'app', 'djangojs', 'ru'), ('196', '2019-10-24 11:30:38', '2019-10-28 14:27:50', 'TEXT_JS_GAMES_IS_RUNNING_TITLE', '   ', 'static/js/wheel.js:69', '1', 'locale', 'app', 'djangojs', 'ru'), ('197', '2019-10-24 11:30:38', '2019-10-28 14:25:10', 'TEXT_JS_GAMES_IS_RUNNING_DETAIL', ', ,   ', 'static/js/wheel.js:69', '1', 'locale', 'app', 'djangojs', 'ru'), ('198', '2019-10-24 11:30:38', '2019-10-28 14:25:10', 'TEXT_JS_GAMES_IS_RUNNING', ' ', 'static/js/wheel.js:71', '1', 'locale', 'app', 'djangojs', 'ru'), ('199', '2019-10-24 11:30:38', '2019-10-28 14:50:36', 'TEXT_JS_NOT_LOGGED_IN_TITLE', '  !', 'static/js/wheel.js:320', '1', 'locale', 'app', 'djangojs', 'ru'), ('200', '2019-10-24 11:30:38', '2019-10-28 14:50:36', 'TEXT_JS_NOT_LOGGED_IN_DETAIL', '  ,         .', 'static/js/wheel.js:320', '1', 'locale', 'app', 'djangojs', 'ru'), ('201', '2019-10-24 11:30:38', '2019-10-28 14:52:22', 'TEXT_JS_WARNING', '!', 'static/js/wheel.js:387\nstatic/js/wheel.js:420\nstatic/js/wheel.js:432\nstatic/js/wheel.js:443', '1', 'locale', 'app', 'djangojs', 'ru'), ('202', '2019-10-24 11:30:38', '2019-10-28 14:23:48', 'TEXT_JS_DONT_HAVE_BONUS_CODE', '     , , ,   .', 'static/js/wheel.js:388', '1', 'locale', 'app', 'djangojs', 'ru'), ('203', '2019-10-24 11:30:38', '2019-10-28 14:23:48', 'TEXT_JS_ERROR_BONUS_CODE', '   . ,    ', 'static/js/wheel.js:421\nstatic/js/wheel.js:433', '1', 'locale', 'app', 'djangojs', 'ru'), ('204', '2019-10-24 11:30:38', '2019-10-28 14:23:48', 'TEXT_JS_ERROR_GIVING_BONUS_CODE', '   . ,    ', 'static/js/wheel.js:444', '1', 'locale', 'app', 'djangojs', 'ru'), ('205', '2019-10-24 11:30:38', '2019-10-28 15:11:07', 'TEXT_JS_CONTACT_SUPPORT', 'C, ,   .', 'static/js/wheel.js:444', '1', 'locale', 'app', 'djangojs', 'ru'), ('206', '2019-10-24 11:30:38', '2019-10-28 14:23:48', 'TEXT_JS_ERROR', '', 'static/js/wheel.js:818', '1', 'locale', 'app', 'djangojs', 'ru'), ('207', '2019-10-24 11:30:38', '2019-10-28 14:31:28', 'TEXT_JS_GAME_CANCEL', ' .  ', 'static/js/wheel.js:819', '1', 'locale', 'app', 'djangojs', 'ru'), ('208', '2019-10-24 11:30:38', '2019-10-28 14:52:21', 'TEXT_JS_NO_AVAILABLE_TITLE', 'arx hal-hazrda mvcud deyil!', 'static/js/wheel.js:59\nstatic/js/wheel.js:300', '1', 'locale', 'app', 'djangojs', 'az'), ('209', '2019-10-24 11:30:38', '2019-10-28 14:52:21', 'TEXT_JS_NO_AVAILABLE_DETAIL', 'arx frladaraq BYK qazan ans ld etmk n bu gn depozit edin', 'static/js/wheel.js:59\nstatic/js/wheel.js:300', '1', 'locale', 'app', 'djangojs', 'az'), ('210', '2019-10-24 11:30:38', '2019-10-28 15:46:39', 'TEXT_JS_NO_AVAILABLE!', 'Mvcud deyil!', 'static/js/wheel.js:61\nstatic/js/wheel.js:302', '1', 'locale', 'app', 'djangojs', 'az'), ('211', '2019-10-24 11:30:38', '2019-10-28 14:27:50', 'TEXT_JS_GAMES_IS_RUNNING_TITLE', 'Loyal oyunlarda oynayn', 'static/js/wheel.js:69', '1', 'locale', 'app', 'djangojs', 'az'), ('212', '2019-10-24 11:30:38', '2019-10-28 14:25:10', 'TEXT_JS_GAMES_IS_RUNNING_DETAIL', 'Zhmt olmasa arxn frlanmasn gzlyin', 'static/js/wheel.js:69', '1', 'locale', 'app', 'djangojs', 'az'), ('213', '2019-10-24 11:30:38', '2019-10-28 14:25:10', 'TEXT_JS_GAMES_IS_RUNNING', 'arx  frlanr', 'static/js/wheel.js:71', '1', 'locale', 'app', 'djangojs', 'az'), ('214', '2019-10-24 11:30:38', '2019-10-28 14:50:36', 'TEXT_JS_NOT_LOGGED_IN_TITLE', 'arx hal-hazrda mvcud deyil!', 'static/js/wheel.js:320', '1', 'locale', 'app', 'djangojs', 'az'), ('215', '2019-10-24 11:30:38', '2019-10-28 14:50:36', 'TEXT_JS_NOT_LOGGED_IN_DETAIL', 'arx frladaraq BYK qazan ans ld etmk n bu gn depozit edin', 'static/js/wheel.js:320', '1', 'locale', 'app', 'djangojs', 'az'), ('216', '2019-10-24 11:30:38', '2019-10-28 14:52:22', 'TEXT_JS_WARNING', 'Xbrdarlq!', 'static/js/wheel.js:387\nstatic/js/wheel.js:420\nstatic/js/wheel.js:432\nstatic/js/wheel.js:443', '1', 'locale', 'app', 'djangojs', 'az'), ('217', '2019-10-24 11:30:38', '2019-10-28 14:23:48', 'TEXT_JS_DONT_HAVE_BONUS_CODE', 'Bonus kodunuz yoxdursa, Dstk Xidmtiyl laq saxlayn.', 'static/js/wheel.js:388', '1', 'locale', 'app', 'djangojs', 'az'), ('218', '2019-10-24 11:30:38', '2019-10-28 14:23:48', 'TEXT_JS_ERROR_BONUS_CODE', 'Bonus kodunda shv yarand. Zhmt olmasa Dstk xidmtiyl laq saxlayn.', 'static/js/wheel.js:421\nstatic/js/wheel.js:433', '1', 'locale', 'app', 'djangojs', 'az'), ('219', '2019-10-24 11:30:38', '2019-10-28 14:23:48', 'TEXT_JS_ERROR_GIVING_BONUS_CODE', 'Bonus kodunda shv yarand. Zhmt olmasa Dstk xidmtiyl laq saxlayn.', 'static/js/wheel.js:444', '1', 'locale', 'app', 'djangojs', 'az'), ('220', '2019-10-24 11:30:38', '2019-10-28 15:11:07', 'TEXT_JS_CONTACT_SUPPORT', 'Dstk Xidmtiyl laqy kein', 'static/js/wheel.js:444', '1', 'locale', 'app', 'djangojs', 'az'), ('221', '2019-10-24 11:30:38', '2019-10-28 14:23:48', 'TEXT_JS_ERROR', 'Xta', 'static/js/wheel.js:818', '1', 'locale', 'app', 'djangojs', 'az'), ('222', '2019-10-24 11:30:38', '2019-10-28 14:31:28', 'TEXT_JS_GAME_CANCEL', 'Shv ba tutdu. Oyun lv edildi', 'static/js/wheel.js:819', '1', 'locale', 'app', 'djangojs', 'az');
COMMIT;

SET FOREIGN_KEY_CHECKS = 1;
